enzyme,color,Protein accession number,Environment group,Exact sampling location,lat,lon
Oxidoreductase (UOM43036.1),#FFFB00,WP_421545704.1,Marine host-associated⬡,Singapore: St John's Island wharf,1.222353,103.848702
Oxidoreductase (UOM43036.1),#FFFB00,WP_475237385.1,Plastisphere / marine biofilm✕,"USA: Atlantic ocean at Key West, Florida",24.55,-81.78
Oxidoreductase (UOM43036.1),#FFFB00,WP_052191922.1,Deep seawater▼,Pacific Ocean: South China Sea,21.03,118.23
Oxidoreductase (UOM43036.1),#FFFB00,WP_033578324.1,Deep seawater▼,Pacific Ocean: South China Sea,21.03,118.23
Oxidoreductase (UOM43036.1),#FFFB00,WP_264134298.1,Marine sediment■,Tanzania: Bagamoyo,-6.44,38.9
Oxidoreductase (UOM43036.1),#FFFB00,WP_242805859.1,Mangrove sediment✚,Malaysia: Matang Mangrove Perak,4.84,100.63
Oxidoreductase (UOM43036.1),#FFFB00,WP_222462542.1,Marine sediment■,China:Shenzhen,22.59,114.552
Oxidoreductase (UOM43036.1),#FFFB00,WP_226537327.1,Marine sediment■,China:Shenzhen,22.568,114.439
Oxidoreductase (UOM43036.1),#FFFB00,WP_060751247.1,Marine host-associated⬡,"South Africa: Port Elizabeth, Algoa Bay, Indian Ocean",-33.96,25.64
Oxidoreductase (UOM43036.1),#FFFB00,WP_309558911.1,Marine sediment■,Arctic Ocean,79.8,1.76
Oxidoreductase (UOM43036.1),#FFFB00,WP_474847631.1,Plastisphere / marine biofilm✕,"USA: Atlantic ocean at Key West, Florida",24.55,-81.78
Oxidoreductase (UOM43036.1),#FFFB00,WP_270180266.1,Marine host-associated⬡,Taiwan,23.7,121.0
Oxidoreductase (UOM43036.1),#FFFB00,WP_474833637.1,Plastisphere / marine biofilm✕,"USA: Atlantic ocean at Key West, Florida",24.55,-81.78
Oxidoreductase (UOM43036.1),#FFFB00,WP_349409165.1,Marine sediment■,China:South China Sea,18.0,116.0
Poly(3-hydroxybutyrate) depolymerase (LC127088.1),#009E3F,WP_011624024.1,Surface seawater●,Black Sea,43.0,34.0
Poly(3-hydroxybutyrate) depolymerase (LC127088.1),#009E3F,WP_495141453.1,Marine host-associated⬡,Brazil: Florianopolis,-27.6,-48.55
Poly(3-hydroxybutyrate) depolymerase (LC127088.1),#009E3F,WP_269970245.1,Deep seawater▼,GCF_027571385.1: Pacific Ocean: The Mariana Trench | depth: 10890 m | GCF_035917035.1: Pacific Ocean: The Mariana Trench | depth: 10890 m | GCF_035917075.1: Pacific Ocean: The Mariana Trench | depth: 10890 m,11.4,142.4
Poly(3-hydroxybutyrate) depolymerase (LC127088.1),#009E3F,WP_054553986.1,Intertidal sediment / beach sand▲,"USA: Garbage Beach, Woods Hole, MA",41.524998,-70.673098
Poly(3-hydroxybutyrate) depolymerase (LC127088.1),#009E3F,WP_250662258.1,Marine host-associated⬡,China: Hainan Island,18.24,109.36
Poly(3-hydroxybutyrate) depolymerase (LC127088.1),#009E3F,WP_448896118.1,Intertidal / coastal seawater★,USA: Carpenteria Salt Marsh Reserve,34.4027,-119.53483
Poly(3-hydroxybutyrate) depolymerase (LC127088.1),#009E3F,WP_286260681.1,Marine host-associated⬡,Japan:Hakodate,42.12574,139.99966
Poly(3-hydroxybutyrate) depolymerase (LC127088.1),#009E3F,WP_294089584.1,Surface seawater●,GCF_913043935.1: depth: 5 | GCF_002685175.1: Pacific Ocean: Chile-Peru Current Coastal Province | depth: 5-1000m,-34.0614,-73.1066
Poly(3-hydroxybutyrate) depolymerase (LC127088.1),#009E3F,WP_462147847.1,Marine host-associated⬡,Colombia:Buenaventura | Colombia: Buenaventura,3.873662,-77.290647
Poly(3-hydroxybutyrate) depolymerase (LC127088.1),#009E3F,WP_220094646.1,Marine host-associated⬡,GCF_013350085.1: Brazil: Rio de Janeiro | GCF_013349985.1: Brazil: Rio de Janeiro | GCF_013350045.1: Brazil: Rio de Janeiro | GCF_029991425.1: Brazil: Rio de Janeiro | GCF_029992495.1: Brazil: Rio de Janeiro | GCF_029992275.1: Brazil: Rio de Janeiro,-22.2887,-42.5341
Poly(3-hydroxybutyrate) depolymerase (LC127088.1),#009E3F,WP_250660409.1,Marine host-associated⬡,China: Hainan Island,18.24,109.36
Poly(3-hydroxybutyrate) depolymerase (LC127088.1),#009E3F,WP_490386461.1,Surface seawater●,depth: 746,22.7546,-158.0067
Poly(3-hydroxybutyrate) depolymerase (LC127088.1),#009E3F,WP_349274157.1,Marine host-associated⬡,GCF_040104415.1: Belize: Carrie Bow Cay | GCF_040104395.1: Belize: Carrie Bow Cay,16.79,-88.07
Poly(3-hydroxybutyrate) depolymerase (LC127088.1),#009E3F,WP_212751477.1,Surface seawater●,Solomon Islands,-8.1005,156.8451
Poly(3-hydroxybutyrate) depolymerase (LC127088.1),#009E3F,WP_339981228.1,Marine host-associated⬡,Atlantic Ocean | depth: 0-5 m,31.4,-64.1
Poly(3-hydroxybutyrate) depolymerase (LC127088.1),#009E3F,WP_138686283.1,Plastisphere / marine biofilm✕,GCF_005887195.1: Indian Ocean | GCF_005887185.1: Indian Ocean,-35.3413,79.9641
Poly(3-hydroxybutyrate) depolymerase (LC127088.1),#009E3F,WP_205994337.1,Surface seawater●,Japan: Kagoshima | depth: 0-5cm,30.19,130.1
Poly(3-hydroxybutyrate) depolymerase (LC127088.1),#009E3F,WP_251601605.1,Mangrove sediment✚,"Pakistan:Lasbella, Sonmiani, Miani Hor | depth: 0.2 m",25.4,66.1
Poly(3-hydroxybutyrate) depolymerase (LC127088.1),#009E3F,WP_304636376.1,Deep-sea / chemosynthetic sediment⬟,China: Jiaolong seep,22.1,119.28
Poly(3-hydroxybutyrate) depolymerase (LC127088.1),#009E3F,WP_222937990.1,Marine host-associated⬡,Belize: Carrie Bow Cay Field Station,16.797,-88.0844
Poly(3-hydroxybutyrate) depolymerase (LC127088.1),#009E3F,WP_287244842.1,Marine host-associated⬡,Australia: Orpheus Island,-18.5446,146.4881
Poly(3-hydroxybutyrate) depolymerase (LC127088.1),#009E3F,WP_462178957.1,Marine host-associated⬡,Colombia:Buenaventura | Colombia: Buenaventura,3.873662,-77.290647
Poly(3-hydroxybutyrate) depolymerase (LC127088.1),#009E3F,WP_269407229.1,Marine host-associated⬡,Germany: Kiel,54.331849,10.144127
Poly(3-hydroxybutyrate) depolymerase (LC127088.1),#009E3F,WP_487117931.1,Plastisphere / marine biofilm✕,"Japan:Shimane, Oki, Sea of Japan | depth: 13",36.178,133.277
Poly(3-hydroxybutyrate) depolymerase (LC127088.1),#009E3F,WP_105173614.1,Surface seawater●,"China: Zhejiang Province, Ximen Island",28.33,121.18
Poly(3-hydroxybutyrate) depolymerase (LC127088.1),#009E3F,WP_212746797.1,Marine host-associated⬡,Atlantic Ocean: North Atlantic,24.9963,-67.0246
Poly(3-hydroxybutyrate) depolymerase (LC127088.1),#009E3F,WP_235382668.1,Marine host-associated⬡,GCF_982780175.1: Mediterranean Sea | GCF_021532595.1: Belize: Carrie Bow Cay,43.49,7.9
Poly(3-hydroxybutyrate) depolymerase (LC127088.1),#009E3F,WP_235382668.1,Marine host-associated⬡,GCF_982780175.1: Mediterranean Sea | GCF_021532595.1: Belize: Carrie Bow Cay,16.79,-88.07
Poly(3-hydroxybutyrate) depolymerase (LC127088.1),#009E3F,WP_462175783.1,Marine host-associated⬡,Colombia:Buenaventura | Colombia: Buenaventura,3.873662,-77.290647
Poly(3-hydroxybutyrate) depolymerase (LC127088.1),#009E3F,WP_228482490.1,Marine host-associated⬡,"Brazil: Rio de Janeiro, Arraial do Cabo",-22.58,-42.02
Poly(3-hydroxybutyrate) depolymerase (LC127088.1),#009E3F,WP_253039232.1,Marine host-associated⬡,"Virgin Islands: St. Thomas, Hull Bay",18.37436,-64.9549
Poly(3-hydroxybutyrate) depolymerase (LC127088.1),#009E3F,WP_138557790.1,Surface seawater●,GCF_947311895.1: Taiwan | GCF_005886815.1: Atlantic Ocean: North Atlantic,23.2469494,119.6679559
Poly(3-hydroxybutyrate) depolymerase (LC127088.1),#009E3F,WP_138557790.1,Surface seawater●,GCF_947311895.1: Taiwan | GCF_005886815.1: Atlantic Ocean: North Atlantic,26.5042,-66.9964
Poly(3-hydroxybutyrate) depolymerase (LC127088.1),#009E3F,WP_082873985.1,Surface seawater●,China: South China Sea | depth: 0,19.0,119.0
Poly(3-hydroxybutyrate) depolymerase (LC127088.1),#009E3F,WP_348708929.1,Marine host-associated⬡,Indian Ocean,-8.0045,53.2943
Poly(3-hydroxybutyrate) depolymerase (LC127088.1),#009E3F,WP_348714410.1,Surface seawater●,depth: 800,-20.4075,-3.1641
Poly(3-hydroxybutyrate) depolymerase (LC127088.1),#009E3F,WP_462182065.1,Marine host-associated⬡,Colombia:Buenaventura | Colombia: Buenaventura,3.873662,-77.290647
Poly(3-hydroxybutyrate) depolymerase (LC127088.1),#009E3F,WP_130167674.1,Marine host-associated⬡,GCF_005886125.1: Atlantic Ocean: North Atlantic | GCF_005886795.1: Atlantic Ocean: North Atlantic | GCF_004208935.1: Panama: Coiba National Park,24.9963,-67.0246
Poly(3-hydroxybutyrate) depolymerase (LC127088.1),#009E3F,WP_130167674.1,Marine host-associated⬡,GCF_005886125.1: Atlantic Ocean: North Atlantic | GCF_005886795.1: Atlantic Ocean: North Atlantic | GCF_004208935.1: Panama: Coiba National Park,7.46,-81.76
Poly(3-hydroxybutyrate) depolymerase (LC127088.1),#009E3F,WP_062565773.1,Surface seawater●,Pacific Ocean: Shioyasaki offshore | depth: 2100 m,37.12,142.42
Poly(3-hydroxybutyrate) depolymerase (LC127088.1),#009E3F,WP_054562494.1,Intertidal sediment / beach sand▲,"USA: Garbage Beach, Woods Hole, MA",41.524998,-70.673098
Poly(3-hydroxybutyrate) depolymerase (LC127088.1),#009E3F,WP_488035880.1,Deep seawater▼,"Pacific Ocean | Pacific Ocean: North Pacific Gyre, Station ALOHA | depth: 4000m",22.75,-158.0
Poly(3-hydroxybutyrate) depolymerase (LC127088.1),#009E3F,WP_487986883.1,Surface seawater●,"GCF_982939845.1: Pacific Ocean | Pacific Ocean: North Pacific Gyre, Station ALOHA | depth: 150 | GCF_982940325.1: Pacific Ocean | Pacific Ocean: North Pacific Gyre, Station ALOHA | depth: 150 | GCF_982942705.1: Pacific Ocean | Pacific Ocean: North Pacific Gyre, Station ALOHA | depth: 150",26.196,-158.156
Poly(3-hydroxybutyrate) depolymerase (LC127088.1),#009E3F,WP_487986883.1,Surface seawater●,"GCF_982939845.1: Pacific Ocean | Pacific Ocean: North Pacific Gyre, Station ALOHA | depth: 150 | GCF_982940325.1: Pacific Ocean | Pacific Ocean: North Pacific Gyre, Station ALOHA | depth: 150 | GCF_982942705.1: Pacific Ocean | Pacific Ocean: North Pacific Gyre, Station ALOHA | depth: 150",26.475,-158.313
Poly(3-hydroxybutyrate) depolymerase (LC127088.1),#009E3F,WP_487986883.1,Surface seawater●,"GCF_982939845.1: Pacific Ocean | Pacific Ocean: North Pacific Gyre, Station ALOHA | depth: 150 | GCF_982940325.1: Pacific Ocean | Pacific Ocean: North Pacific Gyre, Station ALOHA | depth: 150 | GCF_982942705.1: Pacific Ocean | Pacific Ocean: North Pacific Gyre, Station ALOHA | depth: 150",26.201,-158.477
Poly(3-hydroxybutyrate) depolymerase (LC127088.1),#009E3F,WP_287205260.1,Deep seawater▼,"GCF_982939745.1: Pacific Ocean | Pacific Ocean: North Pacific Gyre, Station ALOHA | depth: 150 | GCF_982941445.1: Pacific Ocean | Pacific Ocean: North Pacific Gyre, Station ALOHA | depth: 150 | GCF_982950745.1: Pacific Ocean | Pacific Ocean: North Pacific Gyre, Station ALOHA | depth: 150 | GCF_013213925.1: Pacific Ocean: North Pacific Gyre, Station ALOHA | depth: 4000m",25.408,-159.377
Poly(3-hydroxybutyrate) depolymerase (LC127088.1),#009E3F,WP_287205260.1,Deep seawater▼,"GCF_982939745.1: Pacific Ocean | Pacific Ocean: North Pacific Gyre, Station ALOHA | depth: 150 | GCF_982941445.1: Pacific Ocean | Pacific Ocean: North Pacific Gyre, Station ALOHA | depth: 150 | GCF_982950745.1: Pacific Ocean | Pacific Ocean: North Pacific Gyre, Station ALOHA | depth: 150 | GCF_013213925.1: Pacific Ocean: North Pacific Gyre, Station ALOHA | depth: 4000m",25.188,-159.284
Poly(3-hydroxybutyrate) depolymerase (LC127088.1),#009E3F,WP_287205260.1,Deep seawater▼,"GCF_982939745.1: Pacific Ocean | Pacific Ocean: North Pacific Gyre, Station ALOHA | depth: 150 | GCF_982941445.1: Pacific Ocean | Pacific Ocean: North Pacific Gyre, Station ALOHA | depth: 150 | GCF_982950745.1: Pacific Ocean | Pacific Ocean: North Pacific Gyre, Station ALOHA | depth: 150 | GCF_013213925.1: Pacific Ocean: North Pacific Gyre, Station ALOHA | depth: 4000m",25.944,-158.273
Poly(3-hydroxybutyrate) depolymerase (LC127088.1),#009E3F,WP_287205260.1,Deep seawater▼,"GCF_982939745.1: Pacific Ocean | Pacific Ocean: North Pacific Gyre, Station ALOHA | depth: 150 | GCF_982941445.1: Pacific Ocean | Pacific Ocean: North Pacific Gyre, Station ALOHA | depth: 150 | GCF_982950745.1: Pacific Ocean | Pacific Ocean: North Pacific Gyre, Station ALOHA | depth: 150 | GCF_013213925.1: Pacific Ocean: North Pacific Gyre, Station ALOHA | depth: 4000m",22.75,-158.0
Poly(3-hydroxybutyrate) depolymerase (LC127088.1),#009E3F,WP_332393413.1,Surface seawater●,Mexico: zone between Perdido belt and Coatzacoalcos | depth: 1000 m,20.31,-94.13
Poly(3-hydroxybutyrate) depolymerase (LC127088.1),#009E3F,WP_253048777.1,Marine host-associated⬡,"USA: FL, Ft. Lauderdale",26.16,-80.1
Poly(3-hydroxybutyrate) depolymerase (LC127088.1),#009E3F,WP_474704773.1,Surface seawater●,"Pacific Ocean | Pacific Ocean: North Pacific Gyre, Station ALOHA | depth: 500",22.75,-158.0
Poly(3-hydroxybutyrate) depolymerase (LC127088.1),#009E3F,WP_285220986.1,Surface seawater●,"Brazil: Buzios, Rio de Janeiro",-22.74,-41.88
Poly(3-hydroxybutyrate) depolymerase (LC127088.1),#009E3F,WP_300421023.1,Surface seawater●,"Indian Ocean | Indian Ocean:East of Madagascar, South Indian Ocean",-27.98,63.25
Poly(3-hydroxybutyrate) depolymerase (LC127088.1),#009E3F,WP_235374218.1,Marine host-associated⬡,GCF_021532515.1: Belize: Carrie Bow Cay | GCF_024124445.1: Belize: Carrie Bow Cay,16.79,-88.07
Poly(3-hydroxybutyrate) depolymerase (LC127088.1),#009E3F,WP_342409634.1,Surface seawater●,Mexico: zone between Perdido belt and Coatzacoalcos | depth: 1000 m,20.31,-94.13
Poly(3-hydroxybutyrate) depolymerase (LC127088.1),#009E3F,WP_294410258.1,Surface seawater●,"Pacific Ocean: North Pacific Gyre, Station ALOHA | depth: 150m",22447445.1,22447445.1
Poly(3-hydroxybutyrate) depolymerase (LC127088.1),#009E3F,WP_300358640.1,Surface seawater●,"GCF_950058495.1: Indian Ocean | Indian Ocean:East of Durban, South Africa, South Indian Ocean | GCF_950059505.1: Indian Ocean | Indian Ocean:East of Durban, South Africa, South Indian Ocean | GCF_950075255.1: Indian Ocean | Indian Ocean:East of Madagascar, South Indian Ocean | GCF_982612165.1: Indian Ocean | Indian Ocean:East of Durban, South Africa, South Indian Ocean",-33.55,39.89
Poly(3-hydroxybutyrate) depolymerase (LC127088.1),#009E3F,WP_300358640.1,Surface seawater●,"GCF_950058495.1: Indian Ocean | Indian Ocean:East of Durban, South Africa, South Indian Ocean | GCF_950059505.1: Indian Ocean | Indian Ocean:East of Durban, South Africa, South Indian Ocean | GCF_950075255.1: Indian Ocean | Indian Ocean:East of Madagascar, South Indian Ocean | GCF_982612165.1: Indian Ocean | Indian Ocean:East of Durban, South Africa, South Indian Ocean",-27.98,63.25
Poly(3-hydroxybutyrate) depolymerase (LC127088.1),#009E3F,WP_235377235.1,Marine host-associated⬡,"USA: FL, Keys FRRP 1177",24.59,-81.4
Poly(3-hydroxybutyrate) depolymerase (LC127088.1),#009E3F,WP_230237131.1,Mangrove sediment✚,"USA: Florida Keys, Florida | depth: 0.5 m",25.102204,-80.438708
Poly(3-hydroxybutyrate) depolymerase (LC127088.1),#009E3F,WP_462167324.1,Marine host-associated⬡,Colombia:Iscuande | Colombia: Iscuande,2.631577,-78.041853
Poly(3-hydroxybutyrate) depolymerase (LC127088.1),#009E3F,WP_417698834.1,Surface seawater●,China: Qingdao | depth: 1,36.04,120.26
Poly(3-hydroxybutyrate) depolymerase (LC127088.1),#009E3F,WP_462168155.1,Marine host-associated⬡,Colombia:Iscuande | Colombia: Iscuande,2.631577,-78.041853
Poly(3-hydroxybutyrate) depolymerase (LC127088.1),#009E3F,WP_487093717.1,Plastisphere / marine biofilm✕,"Japan:Shimane, Oki, Sea of Japan | depth: 13",36.178,133.277
Poly(3-hydroxybutyrate) depolymerase (LC127088.1),#009E3F,WP_487054184.1,Plastisphere / marine biofilm✕,"Japan:Kagoshima, Kagoshima, Kagoshima Bay | depth: 22.9",31.557,130.564
Poly(3-hydroxybutyrate) depolymerase (LC127088.1),#009E3F,WP_353537636.1,Plastisphere / marine biofilm✕,"Japan:Kagoshima, Kagoshima, Kagoshima Bay | depth: 5.2",31.557,130.564
Poly(3-hydroxybutyrate) depolymerase (LC127088.1),#009E3F,WP_487539752.1,Deep seawater▼,"Pacific Ocean | Pacific Ocean: North Pacific Gyre, Station ALOHA | depth: 4000m",22.75,-158.0
Poly(3-hydroxybutyrate) depolymerase (LC127088.1),#009E3F,WP_291610914.1,Deep seawater▼,"GCF_982678925.1: Pacific Ocean | Pacific Ocean: North Pacific Gyre, Station ALOHA | depth: 4000m | GCF_013215345.1: Pacific Ocean: North Pacific Gyre, Station ALOHA | depth: 4000m",22.75,-158.0
Poly(3-hydroxybutyrate) depolymerase (LC127088.1),#009E3F,WP_216054076.1,Intertidal sediment / beach sand▲,"USA:Massachusetts, Nahant, Canoe Beach | USA: Massachusetts, Nahant, Canoe Beach | depth: 0-2 m",42.25,-70.54
Poly(3-hydroxybutyrate) depolymerase (LC127088.1),#009E3F,WP_487943909.1,Deep seawater▼,"Pacific Ocean | Pacific Ocean: North Pacific Gyre, Station ALOHA | depth: 4000m",22.75,-158.0
Poly(3-hydroxybutyrate) depolymerase (LC127088.1),#009E3F,WP_291624144.1,Deep seawater▼,"GCF_982684065.1: Pacific Ocean | Pacific Ocean: North Pacific Gyre, Station ALOHA | depth: 4000m | GCF_982684205.1: Pacific Ocean | Pacific Ocean: North Pacific Gyre, Station ALOHA | depth: 4000m | GCF_982684725.1: Pacific Ocean | Pacific Ocean: North Pacific Gyre, Station ALOHA | depth: 4000m | GCF_982685645.1: Pacific Ocean | Pacific Ocean: North Pacific Gyre, Station ALOHA | depth: 4000m | GCF_013214175.1: Pacific Ocean: North Pacific Gyre, Station ALOHA | depth: 4000m",22.75,-158.0
Poly(3-hydroxybutyrate) depolymerase (LC127088.1),#009E3F,WP_353517955.1,Plastisphere / marine biofilm✕,"Japan:Shimane, Oki, Sea of Japan | depth: 13",36.178,133.277
Poly(3-hydroxybutyrate) depolymerase (LC127088.1),#009E3F,WP_490032689.1,Plastisphere / marine biofilm✕,Japan:Sagami Bay | Japan: Sagami Bay | depth: -853m,58135875.1,58135875.1
Poly(3-hydroxybutyrate) depolymerase (LC127088.1),#009E3F,WP_215964367.1,Intertidal sediment / beach sand▲,"GCF_018860285.1: USA:Massachusetts, Nahant, Canoe Beach | USA: Massachusetts, Nahant, Canoe Beach | depth: 0-2 m | GCF_018861025.1: USA:Massachusetts, Nahant, Canoe Beach | USA: Massachusetts, Nahant, Canoe Beach | depth: 0-2 m",42.25,-70.54
Poly(3-hydroxybutyrate) depolymerase (LC127088.1),#009E3F,WP_303521422.1,Intertidal sediment / beach sand▲,"USA:Canoe Beach, Nahant, MA | depth: 0",42.42,-70.907
Poly(3-hydroxybutyrate) depolymerase (LC127088.1),#009E3F,WP_078085898.1,Mangrove sediment✚,India:Goa | India: Goa | depth: not available,15.5109,73.8607
Poly(3-hydroxybutyrate) depolymerase (LC127088.1),#009E3F,WP_219932609.1,Surface seawater●,China: Wenzhou | depth: 0 m,27.5,120.3
Poly(3-hydroxybutyrate) depolymerase (LC127088.1),#009E3F,WP_353410179.1,Plastisphere / marine biofilm✕,"Japan:Hiroshima, Onomichi, Seto Inland Sea | depth: 7.7",34.365,133.217
Poly(3-hydroxybutyrate) depolymerase (LC127088.1),#009E3F,WP_475659072.1,Surface seawater●,China: Yellow sea,37.09,122.35
Poly(3-hydroxybutyrate) depolymerase (LC127088.1),#009E3F,WP_475089634.1,Surface seawater●,"USA: Atlantic ocean at Key West, Florida",24.55,-81.78
Poly(3-hydroxybutyrate) depolymerase (LC127088.1),#009E3F,WP_289097053.1,Marine host-associated⬡,China | depth: 0,37.562,122.121
Poly(3-hydroxybutyrate) depolymerase (LC127088.1),#009E3F,WP_375185160.1,Surface seawater●,China: South China Sea | depth: 1000m,17.04,110.0
Poly(3-hydroxybutyrate) depolymerase (LC127088.1),#009E3F,WP_133493510.1,Plastisphere / marine biofilm✕,Chile: Antofagasta,-23.463658,-70.504668
Poly(3-hydroxybutyrate) depolymerase (LC127088.1),#009E3F,WP_317009323.1,Surface seawater●,Mexico: Gulf of Mexico | depth: 307 m,19.5,-96.0
Poly(3-hydroxybutyrate) depolymerase (LC127088.1),#009E3F,WP_244168483.1,Deep seawater▼,GCF_002072815.1: Indian Ocean | GCF_001411415.1: Egypt,34.42,34.0
Poly(3-hydroxybutyrate) depolymerase (LC127088.1),#009E3F,WP_316308580.1,Marine host-associated⬡,"China: Xiamen, Ocean | depth: 0",39.54,116.26
Poly(3-hydroxybutyrate) depolymerase (LC127088.1),#009E3F,WP_433976675.1,Surface seawater●,GCF_051011735.1: China | depth: 1m-1.5m | GCF_051011755.1: China | depth: 1m-1.5m,19.31,109.34
Poly(3-hydroxybutyrate) depolymerase (LC127088.1),#009E3F,WP_474365385.1,Surface seawater●,GCF_977548365.1: Mediterranean Sea | GCF_056783405.1: India: Arabian Sea | depth: 300m,38.55,13.18
Poly(3-hydroxybutyrate) depolymerase (LC127088.1),#009E3F,WP_474365385.1,Surface seawater●,GCF_977548365.1: Mediterranean Sea | GCF_056783405.1: India: Arabian Sea | depth: 300m,10.504,75.398
Poly(3-hydroxybutyrate) depolymerase (LC127088.1),#009E3F,WP_204431675.1,Surface seawater●,India: Arabian Sea | depth: 15cm,18.921836,72.834705
Poly(3-hydroxybutyrate) depolymerase (LC127088.1),#009E3F,WP_410308002.1,Plastisphere / marine biofilm✕,China: Hangzhou city | depth: 0,29.949,122.091
Poly(3-hydroxybutyrate) depolymerase (LC127088.1),#009E3F,WP_346839204.1,Surface seawater●,India: Goa | depth: 1m,15.513,73.8704
Poly(3-hydroxybutyrate) depolymerase (LC127088.1),#009E3F,WP_475231578.1,Surface seawater●,"USA: Atlantic ocean at Key West, Florida",24.55,-81.78
Poly(3-hydroxybutyrate) depolymerase (LC127088.1),#009E3F,WP_474359680.1,Surface seawater●,Mediterranean Sea,39.48,7.24
Poly(3-hydroxybutyrate) depolymerase (LC127088.1),#009E3F,WP_410298276.1,Plastisphere / marine biofilm✕,China: Hangzhou city | depth: 0,29.949,122.091
Poly(3-hydroxybutyrate) depolymerase (LC127088.1),#009E3F,WP_475092319.1,Surface seawater●,"GCF_056312215.1: USA: Atlantic ocean at Key West, Florida | GCF_056159125.1: USA: Atlantic ocean at Key West, Florida | GCF_056160765.1: USA: Atlantic ocean at Key West, Florida",24.55,-81.78
Poly(3-hydroxybutyrate) depolymerase (LC127088.1),#009E3F,WP_474234444.1,Surface seawater●,"USA | USA:Monterey Bay, California, USA",36.25,-122.2099
Poly(3-hydroxybutyrate) depolymerase (LC127088.1),#009E3F,WP_473780318.1,Surface seawater●,Atlantic Ocean | Atlantic Ocean: Caribbean Sea: Cariaco Basin,10.847,-65.114
Poly(3-hydroxybutyrate) depolymerase (LC127088.1),#009E3F,WP_423934416.1,Surface seawater●,China: Dapeng Bay | depth: 0.1,22.5675,114.4555
Poly(3-hydroxybutyrate) depolymerase (LC127088.1),#009E3F,WP_423885108.1,Surface seawater●,China: Dapeng Bay | depth: 0.1,22.5675,114.4555
Poly(3-hydroxybutyrate) depolymerase (LC127088.1),#009E3F,WP_473785057.1,Deep seawater▼,GCF_977596165.1: Pacific Ocean | GCF_977673245.1: Pacific Ocean | Pacific Ocean:Mariana Trench,-11.499,-81.401
Poly(3-hydroxybutyrate) depolymerase (LC127088.1),#009E3F,WP_473785057.1,Deep seawater▼,GCF_977596165.1: Pacific Ocean | GCF_977673245.1: Pacific Ocean | Pacific Ocean:Mariana Trench,11.34,142.33
Poly(3-hydroxybutyrate) depolymerase (LC127088.1),#009E3F,WP_474367516.1,Surface seawater●,Pacific Ocean | Pacific Ocean:Mariana Trench,11.34,142.33
Poly(3-hydroxybutyrate) depolymerase (LC127088.1),#009E3F,WP_475364427.1,Deep seawater▼,Pacific Ocean | Pacific Ocean:Mariana Trench,11.34,142.33
Poly(3-hydroxybutyrate) depolymerase (LC127088.1),#009E3F,WP_414828916.1,Marine sediment■,Pacific Ocean | depth: 3200m,3.0,142.5
Poly(3-hydroxybutyrate) depolymerase (LC127088.1),#009E3F,WP_473781655.1,Surface seawater●,GCF_977547915.1: Pacific Ocean | GCF_977551495.1: Pacific Ocean | GCF_977570865.1: Pacific Ocean | GCF_977585045.1: Pacific Ocean | GCF_977596005.1: Pacific Ocean | GCF_977596125.1: Pacific Ocean | GCF_977606395.1: Pacific Ocean | GCF_977608535.1: Pacific Ocean | GCF_977653285.1: Pacific Ocean | Pacific Ocean:Subarctic Pacific Ocean,-13.003,-80.809
Poly(3-hydroxybutyrate) depolymerase (LC127088.1),#009E3F,WP_473781655.1,Surface seawater●,GCF_977547915.1: Pacific Ocean | GCF_977551495.1: Pacific Ocean | GCF_977570865.1: Pacific Ocean | GCF_977585045.1: Pacific Ocean | GCF_977596005.1: Pacific Ocean | GCF_977596125.1: Pacific Ocean | GCF_977606395.1: Pacific Ocean | GCF_977608535.1: Pacific Ocean | GCF_977653285.1: Pacific Ocean | Pacific Ocean:Subarctic Pacific Ocean,-14.51,-76.2
Poly(3-hydroxybutyrate) depolymerase (LC127088.1),#009E3F,WP_473781655.1,Surface seawater●,GCF_977547915.1: Pacific Ocean | GCF_977551495.1: Pacific Ocean | GCF_977570865.1: Pacific Ocean | GCF_977585045.1: Pacific Ocean | GCF_977596005.1: Pacific Ocean | GCF_977596125.1: Pacific Ocean | GCF_977606395.1: Pacific Ocean | GCF_977608535.1: Pacific Ocean | GCF_977653285.1: Pacific Ocean | Pacific Ocean:Subarctic Pacific Ocean,-11.499,-81.405
Poly(3-hydroxybutyrate) depolymerase (LC127088.1),#009E3F,WP_473781655.1,Surface seawater●,GCF_977547915.1: Pacific Ocean | GCF_977551495.1: Pacific Ocean | GCF_977570865.1: Pacific Ocean | GCF_977585045.1: Pacific Ocean | GCF_977596005.1: Pacific Ocean | GCF_977596125.1: Pacific Ocean | GCF_977606395.1: Pacific Ocean | GCF_977608535.1: Pacific Ocean | GCF_977653285.1: Pacific Ocean | Pacific Ocean:Subarctic Pacific Ocean,-14.509,-76.201
Poly(3-hydroxybutyrate) depolymerase (LC127088.1),#009E3F,WP_464948910.1,Marine host-associated⬡,"Canada: Fanny Bay, Vancouver Island, British Columbia",49.5078,-124.8272709
Poly(3-hydroxybutyrate) depolymerase (LC127088.1),#009E3F,WP_406827977.1,Surface seawater●,Viet Nam,17.488568,106.628368
Poly(3-hydroxybutyrate) depolymerase (LC127088.1),#009E3F,WP_417359899.1,Surface seawater●,China: Qingdao | depth: 1,36.04,120.26
Poly(3-hydroxybutyrate) depolymerase (LC127088.1),#009E3F,WP_417358013.1,Surface seawater●,China: Qingdao | depth: 1,36.04,120.26
Poly(3-hydroxybutyrate) depolymerase (LC127088.1),#009E3F,WP_475647339.1,Surface seawater●,Pacific Ocean | Pacific Ocean:Subarctic Pacific Ocean,-16.21,-76.63
Poly(3-hydroxybutyrate) depolymerase (LC127088.1),#009E3F,WP_273024228.1,Surface seawater●,Atlantic Ocean | depth: 100 m,40.0,-32.0
Poly(3-hydroxybutyrate) depolymerase (LC127088.1),#009E3F,WP_062478888.1,Intertidal sediment / beach sand▲,South Korea: Asan bay tidal flat | depth: 1 meter,36.95428158,126.81518554
Poly(3-hydroxybutyrate) depolymerase (LC127088.1),#009E3F,WP_475148261.1,Surface seawater●,"GCF_059429535.1: USA: Isle of Palms, South Carolina | GCF_056160525.1: USA: Atlantic ocean at Key West, Florida",24.55,-81.78
Poly(3-hydroxybutyrate) depolymerase (LC127088.1),#009E3F,WP_226766338.1,Surface seawater●,GCF_039523055.1: South Korea | GCF_020531985.1: South Korea: the East Sea | depth: 1m,38.47,128.43
Poly(3-hydroxybutyrate) depolymerase (LC127088.1),#009E3F,WP_194298376.1,Surface seawater●,China: South China Sea | depth: 3850 m,18.0,116.0
Poly(3-hydroxybutyrate) depolymerase (LC127088.1),#009E3F,WP_134052912.1,Polar sea ice / cryosphere◆,GCF_964013185.1: depth: 5 | GCF_977272165.1: depth: 5 | GCF_977291755.1: depth: 5 | GCF_047636455.1: Arctic Ocean | GCF_004369005.1: Pacific Ocean,-8.9111,-142.5571
Poly(3-hydroxybutyrate) depolymerase (LC127088.1),#009E3F,WP_134052912.1,Polar sea ice / cryosphere◆,GCF_964013185.1: depth: 5 | GCF_977272165.1: depth: 5 | GCF_977291755.1: depth: 5 | GCF_047636455.1: Arctic Ocean | GCF_004369005.1: Pacific Ocean,79.7913,1.7609
Poly(3-hydroxybutyrate) depolymerase (LC127088.1),#009E3F,WP_415186404.1,Polar sea ice / cryosphere◆,Arctic Ocean,79.7913,1.7609
Poly(3-hydroxybutyrate) depolymerase (LC127088.1),#009E3F,WP_218355362.1,Deep seawater▼,Pacific Ocean | depth: 3660m,-27.74,-117.62
Poly(3-hydroxybutyrate) depolymerase (LC127088.1),#009E3F,WP_475263346.1,Surface seawater●,"USA: Atlantic ocean at Key West, Florida",24.55,-81.78
Poly(3-hydroxybutyrate) depolymerase (LC127088.1),#009E3F,WP_232359458.1,Surface seawater●,"China: Meishan island,ningbo | depth: 0.1 m",29.47,121.58
Poly(3-hydroxybutyrate) depolymerase (LC127088.1),#009E3F,WP_303473067.1,Intertidal sediment / beach sand▲,"USA:Canoe Beach, Nahant, MA | depth: 0",42.42,-70.907
Poly(3-hydroxybutyrate) depolymerase (LC127088.1),#009E3F,WP_299599601.1,Marine host-associated⬡,China | depth: 0,37.562,122.121
Poly(3-hydroxybutyrate) depolymerase (LC127088.1),#009E3F,WP_353370548.1,Plastisphere / marine biofilm✕,"Japan:Shimane, Oki, Sea of Japan | depth: 13",36.178,133.277
Poly(3-hydroxybutyrate) depolymerase (LC127088.1),#009E3F,WP_303500066.1,Intertidal sediment / beach sand▲,"GCF_030548145.1: USA:Canoe Beach, Nahant, MA | depth: 0 | GCF_030549285.1: USA:Canoe Beach, Nahant, MA | depth: 0",42.42,-70.907
Poly(3-hydroxybutyrate) depolymerase (LC127088.1),#009E3F,WP_218312562.1,Marine host-associated⬡,Spain: Mediterranean Sea,38.35,1.67
Poly(3-hydroxybutyrate) depolymerase (LC127088.1),#009E3F,WP_108566897.1,Deep-sea / chemosynthetic sediment⬟,Pacific Ocean: New Britain Trench | depth: 4700 m,-6.1,153.0
Poly(3-hydroxybutyrate) depolymerase (LC127088.1),#009E3F,WP_216049299.1,Intertidal sediment / beach sand▲,"USA:Massachusetts, Nahant, Canoe Beach | USA: Massachusetts, Nahant, Canoe Beach | depth: 0-2 m",42.25,-70.54
Poly(3-hydroxybutyrate) depolymerase (LC127088.1),#009E3F,WP_342806235.1,Surface seawater●,Pacific Ocean: Mariana Trench | depth: 2500 m,11.2,142.11
Poly(3-hydroxybutyrate) depolymerase (LC127088.1),#009E3F,WP_489728994.1,Intertidal sediment / beach sand▲,Antarctica: King George Island | depth: 0m,-62.209722,-58.945
Poly(3-hydroxybutyrate) depolymerase (LC127088.1),#009E3F,WP_339720544.1,Surface seawater●,depth: 441,74.305,-85.6552
Poly(3-hydroxybutyrate) depolymerase (LC127088.1),#009E3F,WP_077405297.1,Marine host-associated⬡,South Korea | depth: 1m,33.165,126.272
Poly(3-hydroxybutyrate) depolymerase (LC127088.1),#009E3F,WP_318967992.1,Intertidal sediment / beach sand▲,GCF_033721375.1: China: tidal flats of Hainan Island | China: Hainan | depth: 0 m | GCF_057457455.1: China: Hainan,19.86,109.23
Poly(3-hydroxybutyrate) depolymerase (LC127088.1),#009E3F,WP_318967992.1,Intertidal sediment / beach sand▲,GCF_033721375.1: China: tidal flats of Hainan Island | China: Hainan | depth: 0 m | GCF_057457455.1: China: Hainan,19.8567,109.2317
Poly(3-hydroxybutyrate) depolymerase (LC127088.1),#009E3F,WP_318967992.1,Intertidal sediment / beach sand▲,GCF_033721375.1: China: tidal flats of Hainan Island | China: Hainan | depth: 0 m | GCF_057457455.1: China: Hainan,19.856667,109.231667
Poly(3-hydroxybutyrate) depolymerase (LC127088.1),#009E3F,WP_487122015.1,Plastisphere / marine biofilm✕,"Japan:Hiroshima, Onomichi, Seto Inland Sea | depth: 2.8",34.365,133.217
Poly(3-hydroxybutyrate) depolymerase (LC127088.1),#009E3F,WP_372626301.1,Surface seawater●,China: ZhouShan,29.928,122.422
Poly(3-hydroxybutyrate) depolymerase (LC127088.1),#009E3F,WP_412725544.1,Surface seawater●,"Japan:Shizuoka, Suruga Bay",34.51,138.21
Poly(3-hydroxybutyrate) depolymerase (LC127088.1),#009E3F,WP_262992133.1,Surface seawater●,China: Aoshan bay | depth: 10cm,36.36,120.7
Poly(3-hydroxybutyrate) depolymerase (LC127088.1),#009E3F,WP_490711645.1,Surface seawater●,depth: 150,-8.9109,-140.2845
Poly(3-hydroxybutyrate) depolymerase (LC127088.1),#009E3F,WP_246604452.1,Marine host-associated⬡,Spain: Mediterranean Sea,38.99,2.65
Poly(3-hydroxybutyrate) depolymerase (LC127088.1),#009E3F,WP_258544420.1,Marine host-associated⬡,Spain: Mediterranean Sea,38.99,2.65
Poly(3-hydroxybutyrate) depolymerase (LC127088.1),#009E3F,WP_105936495.1,Surface seawater●,Pacific Ocean: Western Pacific | depth: 0 m,5.0,130.0
Poly(3-hydroxybutyrate) depolymerase (LC127088.1),#009E3F,WP_487964638.1,Plastisphere / marine biofilm✕,"USA | USA: Atlantic Ocean off North Carolina Coast (GAZ,00051144)",36.9,-75.93
Poly(3-hydroxybutyrate) depolymerase (LC127088.1),#009E3F,WP_488801699.1,Plastisphere / marine biofilm✕,"USA | USA: Chesapeake Bay (GAZ,00002604)",38.58,-76.42
Poly(3-hydroxybutyrate) depolymerase (LC127088.1),#009E3F,WP_488798885.1,Plastisphere / marine biofilm✕,GCF_982772495.1: Atlantic Ocean | Atlantic Ocean: Sargasso Sea (GAZ:00002454) | GCF_982774915.1: Atlantic Ocean | Atlantic Ocean: Sargasso Sea (GAZ:00002454) | GCF_982777655.1: Atlantic Ocean | Atlantic Ocean: Sargasso Sea (GAZ:00002454) | GCF_982777835.1: Atlantic Ocean | Atlantic Ocean: Sargasso Sea (GAZ:00002454),25.86,-68.99
Poly(3-hydroxybutyrate) depolymerase (LC127088.1),#009E3F,WP_488798885.1,Plastisphere / marine biofilm✕,GCF_982772495.1: Atlantic Ocean | Atlantic Ocean: Sargasso Sea (GAZ:00002454) | GCF_982774915.1: Atlantic Ocean | Atlantic Ocean: Sargasso Sea (GAZ:00002454) | GCF_982777655.1: Atlantic Ocean | Atlantic Ocean: Sargasso Sea (GAZ:00002454) | GCF_982777835.1: Atlantic Ocean | Atlantic Ocean: Sargasso Sea (GAZ:00002454),22.56,-63.73
Poly(3-hydroxybutyrate) depolymerase (LC127088.1),#009E3F,WP_488798885.1,Plastisphere / marine biofilm✕,GCF_982772495.1: Atlantic Ocean | Atlantic Ocean: Sargasso Sea (GAZ:00002454) | GCF_982774915.1: Atlantic Ocean | Atlantic Ocean: Sargasso Sea (GAZ:00002454) | GCF_982777655.1: Atlantic Ocean | Atlantic Ocean: Sargasso Sea (GAZ:00002454) | GCF_982777835.1: Atlantic Ocean | Atlantic Ocean: Sargasso Sea (GAZ:00002454),24.43,-65.55
Poly(3-hydroxybutyrate) depolymerase (LC127088.1),#009E3F,WP_475070608.1,Surface seawater●,"USA: Atlantic ocean at Key West, Florida",24.55,-81.78
Poly(3-hydroxybutyrate) depolymerase (LC127088.1),#009E3F,WP_255052969.1,Marine host-associated⬡,"USA: FL, Looe Key",24.56,-81.4
Poly(3-hydroxybutyrate) depolymerase (LC127088.1),#009E3F,WP_464370279.1,Plastisphere / marine biofilm✕,"Japan:Hiroshima, Onomichi, Seto Inland Sea | depth: 7.7m",34.365,133.217
Glutathione peroxidase (WP_026826575.1),#0072B2,WP_214739526.1,Mangrove sediment✚,China: Weizhou Island,21.03,109.12
Glutathione peroxidase (WP_026826575.1),#0072B2,WP_499824088.1,Marine host-associated⬡,Viet Nam: Quang Ngai,15.12,108.8
Glutathione peroxidase (WP_026826575.1),#0072B2,WP_214747832.1,Mangrove sediment✚,China: Beigang island,21.58,109.1
Glutathione peroxidase (WP_026826575.1),#0072B2,WP_372779777.1,Intertidal sediment / beach sand▲,China: ZhouShan,29.928,122.422
Glutathione peroxidase (WP_026826575.1),#0072B2,WP_486772909.1,Intertidal sediment / beach sand▲,China: Guangdong,23.2833,116.773
Glutathione peroxidase (WP_026826575.1),#0072B2,WP_290592511.1,Deep seawater▼,Pacific Ocean: South China Sea; depth 700 m,19.909,115.243
Glutathione peroxidase (WP_026826575.1),#0072B2,WP_372748028.1,Intertidal sediment / beach sand▲,China: ZhouShan,29.928,122.422
Glutathione peroxidase (WP_026826575.1),#0072B2,WP_042205621.1,Marine sediment■,Black Sea (reported in exact-strain BioSample comment),43.0,34.0
Glutathione peroxidase (WP_026826575.1),#0072B2,WP_108437753.1,Marine host-associated⬡,Japan; depth 0 m,35.5246,134.085
Glutathione peroxidase (WP_026826575.1),#0072B2,WP_290579410.1,Deep seawater▼,Pacific Ocean: South China Sea; depth 700 m,19.909,115.243
Glutathione peroxidase (WP_026826575.1),#0072B2,WP_189478192.1,Deep seawater▼,"Pacific Ocean: North Pacific Gyre, Station ALOHA; depth 4000m",22.75,-158.0
Glutathione peroxidase (WP_026826575.1),#0072B2,WP_222463053.1,Marine sediment■,China:Shenzhen; depth 11.7,22.59,114.552
Glutathione peroxidase (WP_026826575.1),#0072B2,WP_303983512.1,Plastisphere / marine biofilm✕,"Australia: Great Barrier Reef, Magnetic Island, Geoffrey Bay",-19.9326,146.519
Glutathione peroxidase (WP_026826575.1),#0072B2,WP_291017879.1,Deep-sea / chemosynthetic sediment⬟,India: Gulf of Khambhat; depth 1-100 cm,21.5,72.5
Glutathione peroxidase (WP_026826575.1),#0072B2,WP_279243352.1,Intertidal / coastal seawater★,South Korea; depth 10 m,38.23,128.69
Glutathione peroxidase (WP_026826575.1),#0072B2,WP_312748170.1,Intertidal / coastal seawater★,Denmark: Slettestrand,57.1573,9.36542
Glutathione peroxidase (WP_026826575.1),#0072B2,WP_068153195.1,Surface seawater●,Pacific Ocean: Western Pacific Ocean; depth 0 m,0.0,160.0
Glutathione peroxidase (WP_026826575.1),#0072B2,WP_486329016.1,Plastisphere / marine biofilm✕,Malaysia:Bayan Lepas,5.3302,100.309
Glutathione peroxidase (WP_026826575.1),#0072B2,WP_490404818.1,Surface seawater●,"Tara Oceans station TARA_131; 22.7901 N, 157.9439 W; depth 106–115 m (nominal 110 m)",22.7901,-157.9439
Glutathione peroxidase (WP_026826575.1),#0072B2,WP_422848402.1,Intertidal / coastal seawater★,China:Xaimen; depth 0.5m,24.4743,118.045
Glutathione peroxidase (WP_026826575.1),#0072B2,WP_281647015.1,Marine host-associated⬡,Portugal; depth 20,36.979778,-7.989111
Glutathione peroxidase (WP_003945816.1),#42d4f4,WP_070379564.1,Marine host-associated⬡,USA: Florida Keys,24.55,-81.78
Glutathione peroxidase (WP_003945816.1),#42d4f4,WP_127945803.1,Marine host-associated⬡,Marine sponge; China: Xisha,16.75,112.35
Glutathione peroxidase (WP_003945816.1),#42d4f4,WP_127955491.1,Marine host-associated⬡,"Marine sponge, 20 m depth; China: Xisha",16.75,112.35
Glutathione peroxidase (WP_003945816.1),#42d4f4,WP_050066444.1,Marine sediment■,Estuary sediments; Portugal,41.139783,-8.664167
Glutathione peroxidase (WP_003945816.1),#42d4f4,WP_269417429.1,Marine host-associated⬡,"Nematostella vectensis-associated culture in artificial seawater; Kiel, Germany",54.331849,10.144127
Glutathione peroxidase (WP_003945816.1),#42d4f4,WP_462665568.1,Intertidal / coastal seawater★,"Coastal seawater, 1 m depth; Puget Sound near Tacoma, Washington, USA",47.2768,-122.4649
Glutathione peroxidase (WP_003945816.1),#42d4f4,WP_374700635.1,Marine host-associated⬡,"Marine sponge (Sycon ciliatum), 2 m depth; Stromness, Orkney, United Kingdom",58.964659,-3.295147
Glutathione peroxidase (WP_003945816.1),#42d4f4,WP_374222415.1,Marine host-associated⬡,Marine sediment; Antarctica,-62.961333,-27.891833
Glutathione peroxidase (WP_003945816.1),#42d4f4,WP_422744644.1,Marine host-associated⬡,USA: Florida Keys,24.55,-81.78
Glutathione peroxidase (WP_003945816.1),#42d4f4,WP_079924327.1,Marine sediment■,"Coastal-ocean estuary sediment, 0–5 cm; Colne estuary, United Kingdom",51.81,0.979
Glutathione peroxidase (WP_003945816.1),#42d4f4,WP_142555396.1,Intertidal / coastal seawater★,"Estuary slurry; Colne estuary, Colchester, United Kingdom",51.63951,0.41053
Glutathione peroxidase (WP_003945816.1),#42d4f4,WP_124278333.1,Marine host-associated⬡,"Marine sponge reef biome, 60 m depth; Tautra underwater ridge at Trondheim Fjord, Norway",63.61472222,10.52277778
PHB depolymerase (AAB40611.1),#8E63CE,WP_133493510.1,Plastisphere / marine biofilm✕,Chile: Antofagasta; local setting: Intertidal zone_La_Rinconada_[PMD],-23.463658,-70.504668
PHB depolymerase (AAB40611.1),#8E63CE,WP_317009323.1,Deep-sea / chemosynthetic sediment⬟,Mexico: Gulf of Mexico; local setting: marine sublitteral zone; depth: 307 m,19.5,-96.0
PHB depolymerase (AAB40611.1),#8E63CE,WP_474365385.1,Surface seawater●,Mediterranean Sea,38.55,13.18
PHB depolymerase (AAB40611.1),#8E63CE,WP_316308580.1,Surface seawater●,"China: Xiamen, Ocean; depth: 0",39.54,116.26
PHB depolymerase (AAB40611.1),#8E63CE,WP_474359680.1,Surface seawater●,Mediterranean Sea,39.48,7.24
PHB depolymerase (AAB40611.1),#8E63CE,WP_423885108.1,Intertidal / coastal seawater★,China: Dapeng Bay; local setting: coastal sea water [ENVO_00002150]; depth: 0.1,22.5675,114.4555
PHB depolymerase (AAB40611.1),#8E63CE,WP_485164795.1,Deep seawater▼,USA:Guaymas Basin,27.51583333,-111.425
PHB depolymerase (AAB40611.1),#8E63CE,WP_228233368.1,Surface seawater●,"Mexico: Gulf of California, Sonora Margin; local setting: marine pelagic biome [ENVO_01000023]; depth: 1903",27.27,-111.44
PHB depolymerase (AAB40611.1),#8E63CE,WP_473780318.1,Surface seawater●,Atlantic Ocean,10.847,-65.114
PHB depolymerase (AAB40611.1),#8E63CE,WP_204431675.1,Surface seawater●,India: Arabian Sea; local setting: Intertidal zone; depth: 15cm,18.921836,72.834705
PHB depolymerase (AAB40611.1),#8E63CE,WP_410308002.1,Plastisphere / marine biofilm✕,China: Hangzhou city; local setting: Intertidal zone; depth: 0,29.949,122.091
PHB depolymerase (AAB40611.1),#8E63CE,WP_423934416.1,Intertidal / coastal seawater★,China: Dapeng Bay; local setting: coastal sea water [ENVO_00002150]; depth: 0.1,22.5675,114.4555
PHB depolymerase (AAB40611.1),#8E63CE,WP_473785057.1,Deep seawater▼,Pacific Ocean,11.34,142.33
PHB depolymerase (AAB40611.1),#8E63CE,WP_474367516.1,Surface seawater●,Pacific Ocean,11.34,142.33
PHB depolymerase (AAB40611.1),#8E63CE,WP_473781655.1,Surface seawater●,Pacific Ocean,-13.003,-80.809
PHB depolymerase (AAB40611.1),#8E63CE,WP_410298276.1,Plastisphere / marine biofilm✕,China: Hangzhou city; local setting: Intertidal zone; depth: 0,29.949,122.091
PHB depolymerase (AAB40611.1),#8E63CE,WP_475647339.1,Surface seawater●,Pacific Ocean,-16.21,-76.63
PHB depolymerase (AAB40611.1),#8E63CE,WP_475364427.1,Deep seawater▼,Pacific Ocean,11.34,142.33
PHB depolymerase (AAB40611.1),#8E63CE,WP_474234444.1,Surface seawater●,USA,36.25,-122.2099
PHB depolymerase (AAB40611.1),#8E63CE,WP_194298376.1,Surface seawater●,China: South China Sea; depth: 3850 m,18.0,116.0
PHB depolymerase (AAB40611.1),#8E63CE,WP_062478888.1,Intertidal sediment / beach sand▲,South Korea: Asan bay tidal flat; depth: 1 meter,36.95428158,126.81518554
PHB depolymerase (AAB40611.1),#8E63CE,WP_406827977.1,Surface seawater●,Viet Nam; local setting: shoreline,17.488568,106.628368
PHB depolymerase (AAB40611.1),#8E63CE,WP_414828916.1,Deep-sea / chemosynthetic sediment⬟,Pacific Ocean; depth: 3200m,3.0,142.5
PHB depolymerase (AAB40611.1),#8E63CE,WP_218355362.1,Deep seawater▼,Pacific Ocean; local setting: Deep seawater; depth: 3660m,-27.74,-117.62
PHB depolymerase (AAB40611.1),#8E63CE,WP_464948910.1,Marine host-associated⬡,"Canada: Fanny Bay, Vancouver Island, British Columbia; local setting: shoreline",49.5078,-124.8272709
PHB depolymerase (AAB40611.1),#8E63CE,WP_417358013.1,Plastisphere / marine biofilm✕,China: Qingdao; local setting: Enrichment culture biofilms; depth: 1,36.04,120.26
PHB depolymerase (AAB40611.1),#8E63CE,WP_487122015.1,Plastisphere / marine biofilm✕,"Japan:Hiroshima, Onomichi, Seto Inland Sea; local setting: shoreline [ENVO:00000486]; depth: 2.8",34.365,133.217
PHB depolymerase (AAB40611.1),#8E63CE,WP_353370548.1,Plastisphere / marine biofilm✕,"Japan:Shimane, Oki, Sea of Japan; local setting: shoreline [ENVO:00000486]; depth: 13",36.178,133.277
PHB depolymerase (AAB40611.1),#8E63CE,WP_417359899.1,Plastisphere / marine biofilm✕,China: Qingdao; local setting: Enrichment culture biofilms; depth: 1,36.04,120.26
PHB depolymerase (AAB40611.1),#8E63CE,WP_218312562.1,Marine host-associated⬡,Spain: Mediterranean Sea; local setting: Seawater,38.35,1.67
PHB depolymerase (AAB40611.1),#8E63CE,WP_050660496.1,Surface seawater●,Pacific Ocean:South China Sea; local setting: offshore; depth: 5m,16.62,116.72
PHB depolymerase (AAB40611.1),#8E63CE,WP_346839204.1,Mangrove sediment✚,India: Goa; local setting: Sediment; depth: 1m,15.513,73.8704
PHB depolymerase (AAB40611.1),#8E63CE,WP_303473067.1,Intertidal / coastal seawater★,"USA:Canoe Beach, Nahant, MA; local setting: ENVO:01000687; depth: 0",42.42,-70.907
PHB depolymerase (AAB40611.1),#8E63CE,WP_303500066.1,Intertidal / coastal seawater★,"USA:Canoe Beach, Nahant, MA; local setting: ENVO:01000687; depth: 0",42.42,-70.907
PHB depolymerase (AAB40611.1),#8E63CE,WP_246604452.1,Marine host-associated⬡,Spain: Mediterranean Sea; local setting: Seawater,38.99,2.65
PHB depolymerase (AAB40611.1),#8E63CE,WP_216049299.1,Plastisphere / marine biofilm✕,"USA:Massachusetts, Nahant, Canoe Beach; local setting: intertidal zone [ENVO:00000316]; depth: 0-2 m",42.25,-70.54
PHB depolymerase (AAB40611.1),#8E63CE,WP_342806235.1,Surface seawater●,Pacific Ocean: Mariana Trench; local setting: Ocean (ENVO: 00000015); depth: 2500 m,11.2,142.11
PHB depolymerase (AAB40611.1),#8E63CE,WP_105936495.1,Surface seawater●,Pacific Ocean: Western Pacific; local setting: sea; depth: 0 m,5.0,130.0
PHB depolymerase (AAB40611.1),#8E63CE,WP_258544420.1,Marine host-associated⬡,Spain: Mediterranean Sea; local setting: Seawater,38.99,2.65
PHB depolymerase (AAB40611.1),#8E63CE,WP_232359458.1,Surface seawater●,"China: Meishan island,ningbo; local setting: intertidal zone; depth: 0.1 m",29.47,121.58
PHB depolymerase (AAB40611.1),#8E63CE,WP_412725544.1,Surface seawater●,"Japan:Shizuoka, Suruga Bay",34.51,138.21
PHB depolymerase (AAB40611.1),#8E63CE,WP_370240786.1,Intertidal / coastal seawater★,China: East China Sea; local setting: shoreline [ENVO:00000486]; depth: -40m,30.1282,122.74599
PHB depolymerase (AAB40611.1),#8E63CE,WP_490711645.1,Surface seawater●,missing: third party data,-8.9109,-140.2845
PHB depolymerase (AAB40611.1),#8E63CE,WP_108566897.1,Deep-sea / chemosynthetic sediment⬟,Pacific Ocean: New Britain Trench; local setting: ocean trench ENVO:00000275; depth: 4700 m,-6.1,153.0
PHB depolymerase (AAB40611.1),#8E63CE,WP_370164851.1,Intertidal / coastal seawater★,China: East China Sea; local setting: shoreline [ENVO:00000486]; depth: -40m,30.1282,122.74599
PHB depolymerase (AAB40611.1),#8E63CE,WP_488798885.1,Plastisphere / marine biofilm✕,Atlantic Ocean,25.86,-68.99
PHB depolymerase (AAB40611.1),#8E63CE,WP_262992133.1,Surface seawater●,China: Aoshan bay; local setting: Offshore; depth: 10cm,36.36,120.7
PHB depolymerase (AAB40611.1),#8E63CE,WP_255052969.1,Marine host-associated⬡,"USA: FL, Looe Key; local setting: offshore reef",24.56,-81.4
PHB depolymerase (AAB40611.1),#8E63CE,WP_489728994.1,Intertidal sediment / beach sand▲,Antarctica: King George Island; local setting: intertidal zone [ENVO:00000316]; depth: 0m,-62.209722,-58.945
PHB depolymerase (AAB40611.1),#8E63CE,WP_339720544.1,Surface seawater●,Not reported,74.305,-85.6552
PHB depolymerase (AAB40611.1),#8E63CE,WP_226766338.1,Surface seawater●,South Korea: the East Sea; depth: 1m,38.47,128.43
PHB depolymerase (AAB40611.1),#8E63CE,WP_273024228.1,Surface seawater●,Atlantic Ocean; local setting: marine; depth: 100 m,40.0,-32.0
PHB depolymerase (AAB40611.1),#8E63CE,WP_134052912.1,Polar sea ice / cryosphere◆,Arctic Ocean; local setting: sea ice,79.7913,1.7609
PHB depolymerase (AAB40611.1),#8E63CE,WP_415186404.1,Polar sea ice / cryosphere◆,Arctic Ocean; local setting: sea ice,79.7913,1.7609
PHB depolymerase (AAB40611.1),#8E63CE,WP_488096027.1,Marine sediment■,Kuwait,29.390016,47.98736
PHB depolymerase (AAB40611.1),#8E63CE,WP_372626301.1,Intertidal sediment / beach sand▲,China: ZhouShan; local setting: Intertidal zone,29.928,122.422
PHB depolymerase (AAB40611.1),#8E63CE,WP_260548447.1,Surface seawater●,Saudi Arabia: Red Sea; depth: 1000,18.97,39.54
PHB depolymerase (AAB40611.1),#8E63CE,WP_464370279.1,Plastisphere / marine biofilm✕,"Japan:Hiroshima, Onomichi, Seto Inland Sea; local setting: shoreline [ENVO:00000486]; depth: 7.7m",34.365,133.217
PHB depolymerase (AAB40611.1),#8E63CE,WP_219932609.1,Mangrove sediment✚,China: Wenzhou; local setting: intertidal zone; depth: 0 m,27.5,120.3
PHB depolymerase (AAB40611.1),#8E63CE,WP_295799054.1,Surface seawater●,Puerto Rico; local setting: marine,17.967318,-67.01883
PHB depolymerase (AAB40611.1),#8E63CE,WP_105173614.1,Mangrove sediment✚,"China: Zhejiang Province, Ximen Island",28.33,121.18
PHB depolymerase (AAB40611.1),#8E63CE,WP_212746797.1,Marine host-associated⬡,Atlantic Ocean: North Atlantic,24.9963,-67.0246
PHB depolymerase (AAB40611.1),#8E63CE,WP_253039232.1,Marine host-associated⬡,"Virgin Islands: St. Thomas, Hull Bay; local setting: offshore reef",18.37436,-64.9549
PHB depolymerase (AAB40611.1),#8E63CE,WP_348714410.1,Surface seawater●,Not reported,-20.4075,-3.1641
PHB depolymerase (AAB40611.1),#8E63CE,WP_462182065.1,Marine host-associated⬡,Colombia:Buenaventura; local setting: ENVO:00000316|ENVO:00010672,3.873662,-77.290647
PHB depolymerase (AAB40611.1),#8E63CE,WP_239963837.1,Marine host-associated⬡,"Australia: NSW, Port Stephens",-32.7171,152.1049
PHB depolymerase (AAB40611.1),#8E63CE,WP_294089584.1,Surface seawater●,Not reported; local setting: marine,-34.0614,-73.1066
PHB depolymerase (AAB40611.1),#8E63CE,WP_138557790.1,Marine host-associated⬡,Taiwan,23.2469494,119.6679559
PHB depolymerase (AAB40611.1),#8E63CE,WP_286260681.1,Marine host-associated⬡,Japan:Hakodate; local setting: egg,42.12574,139.99966
PHB depolymerase (AAB40611.1),#8E63CE,WP_205994337.1,Surface seawater●,Japan: Kagoshima; local setting: marine; depth: 0-5cm,30.19,130.1
PHB depolymerase (AAB40611.1),#8E63CE,WP_370317305.1,Intertidal / coastal seawater★,China: East China Sea; local setting: shoreline [ENVO:00000486]; depth: -40m,30.1282,122.74599
PHB depolymerase (AAB40611.1),#8E63CE,WP_082873985.1,Surface seawater●,China: South China Sea; local setting: surface water; depth: 0,19.0,119.0
PHB depolymerase (AAB40611.1),#8E63CE,WP_130052775.1,Marine host-associated⬡,"Australia: NSW, Port Stephens",-32.7171,152.1049
PHB depolymerase (AAB40611.1),#8E63CE,WP_490386461.1,Surface seawater●,missing: third party data,22.7546,-158.0067
PHB depolymerase (AAB40611.1),#8E63CE,WP_462147847.1,Marine host-associated⬡,Colombia:Buenaventura; local setting: ENVO:00000316|ENVO:00010672,3.873662,-77.290647
PHB depolymerase (AAB40611.1),#8E63CE,WP_349274157.1,Marine host-associated⬡,Belize: Carrie Bow Cay; local setting: offshore reef,16.79,-88.07
PHB depolymerase (AAB40611.1),#8E63CE,WP_253048777.1,Marine host-associated⬡,"USA: FL, Ft. Lauderdale; local setting: offshore reef",26.16,-80.1
PHB depolymerase (AAB40611.1),#8E63CE,WP_332393413.1,Surface seawater●,Mexico: zone between Perdido belt and Coatzacoalcos; local setting: area: Perdido belt and Coatzacoalcos; depth: 1000 m,20.31,-94.13
PHB depolymerase (AAB40611.1),#8E63CE,WP_342409634.1,Surface seawater●,Mexico: zone between Perdido belt and Coatzacoalcos; local setting: area: lost belt and Coatzacoalcos; depth: 1000 m,20.31,-94.13
PHB depolymerase (AAB40611.1),#8E63CE,WP_487986883.1,Surface seawater●,Pacific Ocean,26.196,-158.156
PHB depolymerase (AAB40611.1),#8E63CE,WP_462175783.1,Marine host-associated⬡,Colombia:Buenaventura; local setting: ENVO:00000316|ENVO:00010672,3.873662,-77.290647
PHB depolymerase (AAB40611.1),#8E63CE,WP_285220986.1,Surface seawater●,"Brazil: Buzios, Rio de Janeiro; local setting: Seawater",-22.74,-41.88
PHB depolymerase (AAB40611.1),#8E63CE,WP_474704773.1,Deep seawater▼,Pacific Ocean,22.75,-158.0
PHB depolymerase (AAB40611.1),#8E63CE,WP_062565773.1,Deep-sea / chemosynthetic sediment⬟,Pacific Ocean: Shioyasaki offshore; depth: 2100 m,37.12,142.42
PHB depolymerase (AAB40611.1),#8E63CE,WP_138686283.1,Plastisphere / marine biofilm✕,Indian Ocean,-35.3413,79.9641
PHB depolymerase (AAB40611.1),#8E63CE,WP_228482490.1,Marine host-associated⬡,"Brazil: Rio de Janeiro, Arraial do Cabo; local setting: ocean",-22.58,-42.02
PHB depolymerase (AAB40611.1),#8E63CE,WP_287205260.1,Deep seawater▼,"Pacific Ocean: North Pacific Gyre, Station ALOHA; local setting: ENVO:00000244|ENVO:00000211|ENVO:00000569|ENVO:00002023; depth: 4000m",22.75,-158.0
PHB depolymerase (AAB40611.1),#8E63CE,WP_339981228.1,Surface seawater●,Atlantic Ocean; depth: 0-5 m,31.4,-64.1
PHB depolymerase (AAB40611.1),#8E63CE,WP_235374218.1,Marine host-associated⬡,Belize: Carrie Bow Cay; local setting: offshore reef,16.79,-88.07
PHB depolymerase (AAB40611.1),#8E63CE,WP_300421023.1,Surface seawater●,Indian Ocean,-27.98,63.25
PHB depolymerase (AAB40611.1),#8E63CE,WP_348708929.1,Surface seawater●,Indian Ocean,-8.0045,53.2943
PHB depolymerase (AAB40611.1),#8E63CE,WP_235382668.1,Marine host-associated⬡,Belize: Carrie Bow Cay; local setting: offshore reef,16.79,-88.07
PHB depolymerase (AAB40611.1),#8E63CE,WP_294410258.1,Surface seawater●,"Pacific Ocean: North Pacific Gyre, Station ALOHA; local setting: ENVO:00000209|ENVO:00000618; depth: 150m",24.65,-156.48
PHB depolymerase (AAB40611.1),#8E63CE,WP_130167674.1,Marine host-associated⬡,Atlantic Ocean: North Atlantic,24.9963,-67.0246
PHB depolymerase (AAB40611.1),#8E63CE,WP_300358640.1,Surface seawater●,Indian Ocean,-33.55,39.89
PHB depolymerase (AAB40611.1),#8E63CE,WP_462178957.1,Marine host-associated⬡,Colombia:Buenaventura; local setting: ENVO:00000316|ENVO:00010672,3.873662,-77.290647
PHB depolymerase (AAB40611.1),#8E63CE,WP_462167324.1,Marine host-associated⬡,Colombia:Iscuande; local setting: ENVO:00000316|ENVO:00010672,2.631577,-78.041853
PHB depolymerase (AAB40611.1),#8E63CE,WP_417698834.1,Plastisphere / marine biofilm✕,China: Qingdao; local setting: Enrichment culture biofilms; depth: 1,36.04,120.26
PHB depolymerase (AAB40611.1),#8E63CE,WP_462168155.1,Marine host-associated⬡,Colombia:Iscuande; local setting: ENVO:00000316|ENVO:00010672,2.631577,-78.041853
PHB depolymerase (AAB40611.1),#8E63CE,WP_488035880.1,Marine sediment■,Pacific Ocean,22.75,-158.0
PHB depolymerase (AAB40611.1),#8E63CE,WP_235377235.1,Marine host-associated⬡,"USA: FL, Keys FRRP 1177; local setting: offshore reef",24.59,-81.4
PHB depolymerase (AAB40611.1),#8E63CE,WP_487054184.1,Plastisphere / marine biofilm✕,"Japan:Kagoshima, Kagoshima, Kagoshima Bay; local setting: shoreline [ENVO:00000486]; depth: 22.9",31.557,130.564
PHB depolymerase (AAB40611.1),#8E63CE,WP_487117931.1,Plastisphere / marine biofilm✕,"Japan:Shimane, Oki, Sea of Japan; local setting: shoreline [ENVO:00000486]; depth: 13",36.178,133.277
PHB depolymerase (AAB40611.1),#8E63CE,WP_291610914.1,Deep seawater▼,"Pacific Ocean: North Pacific Gyre, Station ALOHA; local setting: ENVO:00000244|ENVO:00000211|ENVO:00000569|ENVO:00002023; depth: 4000m",22.75,-158.0
PHB depolymerase (AAB40611.1),#8E63CE,WP_239845563.1,Marine host-associated⬡,"Australia: NSW, Port Stephens",-32.7171,152.1049
PHB depolymerase (AAB40611.1),#8E63CE,WP_215964367.1,Plastisphere / marine biofilm✕,"USA:Massachusetts, Nahant, Canoe Beach; local setting: intertidal zone [ENVO:00000316]; depth: 0-2 m",42.25,-70.54
PHB depolymerase (AAB40611.1),#8E63CE,WP_487539752.1,Marine sediment■,Pacific Ocean,22.75,-158.0
PHB depolymerase (AAB40611.1),#8E63CE,WP_303521422.1,Intertidal / coastal seawater★,"USA:Canoe Beach, Nahant, MA; local setting: ENVO:01000687; depth: 0",42.42,-70.907
PHB depolymerase (AAB40611.1),#8E63CE,WP_487093717.1,Plastisphere / marine biofilm✕,"Japan:Shimane, Oki, Sea of Japan; local setting: shoreline [ENVO:00000486]; depth: 13",36.178,133.277
PHB depolymerase (AAB40611.1),#8E63CE,WP_269970245.1,Deep seawater▼,Pacific Ocean: The Mariana Trench; local setting: ocean trench ENVO:00000275; depth: 10890 m,11.4,142.4
PHB depolymerase (AAB40611.1),#8E63CE,WP_353537636.1,Plastisphere / marine biofilm✕,"Japan:Kagoshima, Kagoshima, Kagoshima Bay; local setting: shoreline [ENVO:00000486]; depth: 5.2",31.557,130.564
PHB depolymerase (AAB40611.1),#8E63CE,WP_353517955.1,Plastisphere / marine biofilm✕,"Japan:Shimane, Oki, Sea of Japan; local setting: shoreline [ENVO:00000486]; depth: 13",36.178,133.277
PHB depolymerase (AAB40611.1),#8E63CE,WP_311580946.1,Surface seawater●,"Spain:Blanes,Blanes Bay Microbial Observatory; local setting: ENVO:01000047; depth: surface",41.4,2.48
PHB depolymerase (AAB40611.1),#8E63CE,WP_487943909.1,Marine sediment■,Pacific Ocean,22.75,-158.0
PHB depolymerase (AAB40611.1),#8E63CE,WP_375185160.1,Surface seawater●,China: South China Sea; local setting: marine69; depth: 1000m,17.04,110.0
PHB depolymerase (AAB40611.1),#8E63CE,WP_291624144.1,Deep seawater▼,"Pacific Ocean: North Pacific Gyre, Station ALOHA; local setting: ENVO:00000244|ENVO:00000211|ENVO:00000569|ENVO:00002023; depth: 4000m",22.75,-158.0
PHB depolymerase (AAB40611.1),#8E63CE,WP_353410179.1,Plastisphere / marine biofilm✕,"Japan:Hiroshima, Onomichi, Seto Inland Sea; local setting: shoreline [ENVO:00000486]; depth: 7.7",34.365,133.217
PHB depolymerase (AAB40611.1),#8E63CE,WP_216054076.1,Plastisphere / marine biofilm✕,"USA:Massachusetts, Nahant, Canoe Beach; local setting: intertidal zone [ENVO:00000316]; depth: 0-2 m",42.25,-70.54
PHB depolymerase (AAB40611.1),#8E63CE,WP_490032689.1,Plastisphere / marine biofilm✕,Japan:Sagami Bay; local setting: Cold seep microbiome; depth: -853m,35.09,139.14
Laccase (UVG67878.1),#7B3E1B,WP_298906696.1,Marine host-associated⬡,China,37.562,122.121
Laccase (UVG67878.1),#7B3E1B,WP_201628412.1,Polar sea ice / cryosphere◆,"Sea of Japan, Russia",43.5,135.5
Laccase (UVG67878.1),#7B3E1B,WP_372828779.1,Intertidal sediment / beach sand▲,China: ZhouShan,29.928,122.422
Laccase (UVG67878.1),#7B3E1B,WP_238036692.1,Marine host-associated⬡,China: Fujian,24.61,118.3
Laccase (UVG67878.1),#7B3E1B,WP_372843729.1,Intertidal sediment / beach sand▲,China: ZhouShan,29.948,122.407
Laccase (UVG67878.1),#7B3E1B,WP_371532333.1,Surface seawater●,Arctic Ocean:North of Greenland,79.8,1.76
Laccase (UVG67878.1),#7B3E1B,WP_198327676.1,Surface seawater●,Svalbard,78.92,11.95
Laccase (UVG67878.1),#7B3E1B,WP_223332682.1,Surface seawater●,Israel: Gulf of Aqaba,29.501,34.917
Laccase (UVG67878.1),#7B3E1B,WP_277078041.1,Surface seawater●,Antarctica: West Antarctic Peninsula,-65.8776,-68.2823
Laccase (UVG67878.1),#7B3E1B,WP_058025816.1,Deep-sea / chemosynthetic sediment⬟,Pacific Ocean: East Pacific Rise,-3.1,-102.55
Laccase (UVG67878.1),#7B3E1B,WP_320154178.1,Surface seawater●,Svalbard,78.92,11.95
Laccase (UVG67878.1),#7B3E1B,WP_455705530.1,Surface seawater●,Indonesia: Makassar Strait,-1.44,117.24
Laccase (UVG67878.1),#7B3E1B,WP_201620353.1,Polar sea ice / cryosphere◆,"Sea of Japan, Russia",43.5,135.5
Laccase (UVG67878.1),#7B3E1B,WP_289000163.1,Marine host-associated⬡,China,37.562,122.121
Laccase (UVG67878.1),#7B3E1B,WP_472781948.1,Marine host-associated⬡,South Korea,37.07,131.23
Laccase (UVG67878.1),#7B3E1B,WP_289047145.1,Marine host-associated⬡,China,37.562,122.121
Laccase (UVG67878.1),#7B3E1B,WP_160022867.1,Deep-sea / chemosynthetic sediment⬟,Atlantic Ocean: Walvis Ridge Sector,-33.4,2.35
Laccase (UVG67878.1),#7B3E1B,WP_420230577.1,Marine host-associated⬡,Australia:Adelaide,-35.0328,138.517
Laccase (UVG67878.1),#7B3E1B,WP_277350418.1,Surface seawater●,"Sea of Japan, Russia",43.5,135.5
Laccase (UVG67878.1),#7B3E1B,WP_298810856.1,Marine host-associated⬡,China,37.562,122.121
Laccase (UVG67878.1),#7B3E1B,WP_379544292.1,Marine host-associated⬡,Denmark: Hirtshals,57.5949,9.9609
Laccase (UVG67878.1),#7B3E1B,WP_290177258.1,Marine host-associated⬡,Atlantic Ocean,43.282,-49.121
Laccase (UVG67878.1),#7B3E1B,WP_339343431.1,Surface seawater●,Not reported,45.3143,12.5083
Laccase (UVG67878.1),#7B3E1B,WP_320157573.1,Surface seawater●,"Sea of Japan, Russia",43.5,135.5
Laccase (UVG67878.1),#7B3E1B,WP_425355847.1,Marine host-associated⬡,USA: Washington state,48.3937,-124.734
Laccase (UVG67878.1),#7B3E1B,WP_474738338.1,Marine host-associated⬡,China:Rongcheng,37.17,122.568
Laccase (UVG67878.1),#7B3E1B,WP_474726537.1,Marine host-associated⬡,China:Rongcheng,37.17,122.568
Laccase (UVG67878.1),#7B3E1B,WP_102094145.1,Polar sea ice / cryosphere◆,"USA: near Point Barrow, Alaska",71.3,-157.0
Laccase (UVG67878.1),#7B3E1B,WP_290176533.1,Marine host-associated⬡,Atlantic Ocean,43.282,-49.121
Laccase (UVG67878.1),#7B3E1B,WP_296211063.1,Surface seawater●,Not reported,45.3143,12.5083
Laccase (UVG67878.1),#7B3E1B,WP_224737936.1,Marine host-associated⬡,Atlantic Ocean,14.86,-48.24
Laccase (UVG67878.1),#7B3E1B,WP_269117530.1,Marine host-associated⬡,China: Fujian,24.61,118.3
Laccase (UVG67878.1),#7B3E1B,WP_465183798.1,Surface seawater●,"Antarctica: Greenwich Bay, South Shetland Islands",-62.4714,-59.6967
Laccase (UVG67878.1),#7B3E1B,WP_347162359.1,Intertidal / coastal seawater★,"USA:New Hampshire, Durham",42.9017,-71.3385
Laccase (UVG67878.1),#7B3E1B,WP_320108710.1,Surface seawater●,Svalbard,78.92,11.95
Laccase (UVG67878.1),#7B3E1B,WP_186475538.1,Surface seawater●,Not reported,23.4183,37.245
Laccase (UVG67878.1),#7B3E1B,WP_320157780.1,Surface seawater●,"Sea of Japan, Russia",43.5,135.5
Laccase (UVG67878.1),#7B3E1B,WP_299185249.1,Marine host-associated⬡,China,37.562,122.121
Laccase (UVG67878.1),#7B3E1B,WP_323128914.1,Surface seawater●,Arctic Ocean,79.8,1.76
Laccase (UVG67878.1),#7B3E1B,WP_413190037.1,Polar sea ice / cryosphere◆,Arctic Ocean,79.7913,1.7609
Laccase (UVG67878.1),#7B3E1B,WP_367103962.1,Marine host-associated⬡,China,37.562,122.121
Laccase (UVG67878.1),#7B3E1B,WP_289116025.1,Deep seawater▼,Atlantic Ocean,-22.97,-36.95
Laccase (UVG67878.1),#7B3E1B,WP_367109097.1,Marine host-associated⬡,China,37.562,122.121
Laccase (UVG67878.1),#7B3E1B,WP_275691788.1,Marine sediment■,Svalbard,79.0354,11.2836
Laccase (UVG67878.1),#7B3E1B,WP_367106850.1,Marine host-associated⬡,China,37.562,122.121
Laccase (UVG67878.1),#7B3E1B,WP_289116019.1,Deep seawater▼,Atlantic Ocean,-22.97,-36.95
Laccase (UVG67878.1),#7B3E1B,WP_223334656.1,Surface seawater●,Israel: Gulf of Aqaba,29.501,34.917
Laccase (UVG67878.1),#7B3E1B,WP_240216656.1,Marine sediment■,Svalbard,79.0354,11.2836
Laccase (UVG67878.1),#7B3E1B,WP_367111693.1,Marine host-associated⬡,China,37.562,122.121
Laccase (UVG67878.1),#7B3E1B,WP_472781992.1,Marine host-associated⬡,South Korea,37.07,131.23
Laccase (UVG67878.1),#7B3E1B,WP_201593649.1,Surface seawater●,"Sea of Japan, Russia",43.5,135.5
Laccase (UVG67878.1),#7B3E1B,WP_299069681.1,Marine host-associated⬡,China,37.562,122.121
Laccase (UVG67878.1),#7B3E1B,WP_348654209.1,Surface seawater●,Not reported,-30.1367,-43.2899
Laccase (UVG67878.1),#7B3E1B,WP_284719438.1,Marine host-associated⬡,"India: Near Henry Lawrence island, Andaman Sea",12.1349,93.0676
Laccase (UVG67878.1),#7B3E1B,WP_298980165.1,Deep seawater▼,Atlantic Ocean,20.0,-52.63
Laccase (UVG67878.1),#7B3E1B,WP_300406665.1,Deep seawater▼,Pacific Ocean,15.91,-124.49
Laccase (UVG67878.1),#7B3E1B,WP_474735469.1,Surface seawater●,Mediterranean Sea,43.29,8.1
Laccase (UVG67878.1),#7B3E1B,WP_299330080.1,Marine host-associated⬡,China,37.562,122.121
Laccase (UVG67878.1),#7B3E1B,WP_435979993.1,Marine host-associated⬡,South Korea,37.07,131.23
Laccase (UVG67878.1),#7B3E1B,WP_305899991.1,Marine host-associated⬡,South Korea,37.07,131.23
Laccase (UVG67878.1),#7B3E1B,WP_435949448.1,Marine host-associated⬡,South Korea,37.07,131.23
Laccase (UVG67878.1),#7B3E1B,WP_298974489.1,Marine host-associated⬡,China,37.562,122.121
Laccase (UVG67878.1),#7B3E1B,WP_298739300.1,Marine host-associated⬡,China,37.562,122.121
Laccase (UVG67878.1),#7B3E1B,WP_455706373.1,Surface seawater●,Indonesia: Makassar Strait,-1.44,117.24
Laccase (UVG67878.1),#7B3E1B,WP_317053546.1,Marine host-associated⬡,India: Palk bay,9.29224,79.2223
Laccase (UVG67878.1),#7B3E1B,WP_299330535.1,Marine host-associated⬡,China,37.562,122.121
Laccase (UVG67878.1),#7B3E1B,WP_430737341.1,Intertidal / coastal seawater★,China: Dalian,38.914,121.615
Laccase (UVG67878.1),#7B3E1B,WP_353104189.1,Marine host-associated⬡,Saudi Arabia: Riyadh,24.1455,47.3119
Laccase (UVG67878.1),#7B3E1B,WP_288996651.1,Marine host-associated⬡,China,37.562,122.121
Laccase (UVG67878.1),#7B3E1B,WP_288999309.1,Marine host-associated⬡,China,37.562,122.121
Laccase (UVG67878.1),#7B3E1B,WP_238062109.1,Marine host-associated⬡,China: Fujian,24.61,118.3
Laccase (UVG67878.1),#7B3E1B,WP_284719828.1,Marine host-associated⬡,"India: Near Henry Lawrence island, Andaman Sea",12.1349,93.0676
Laccase (UVG67878.1),#7B3E1B,WP_319822887.1,Intertidal / coastal seawater★,Portugal: Aveiro,40.6084,-8.74803
Laccase (UVG67878.1),#7B3E1B,WP_487990687.1,Surface seawater●,Atlantic Ocean,-50.35,-39.82
Laccase (UVG67878.1),#7B3E1B,WP_296821200.1,Deep-sea / chemosynthetic sediment⬟,Atlantic Ocean: Gulf of Cadiz,35.65,-7.33
Laccase (UVG67878.1),#7B3E1B,WP_266326050.1,Marine sediment■,"USA: Oso Bay, Corpus Christi, TX",27.7089,-97.3359
Laccase (UVG67878.1),#7B3E1B,WP_113065197.1,Surface seawater●,China,21.49,108.48
Laccase (UVG67878.1),#7B3E1B,WP_301495760.1,Mangrove sediment✚,China: Shenzhen,22.49,114.58
Laccase (UVG67878.1),#7B3E1B,WP_225666578.1,Deep-sea / chemosynthetic sediment⬟,Arctic Ocean: Canada Basin,81.47,-164.94
Laccase (UVG67878.1),#7B3E1B,WP_396586513.1,Marine host-associated⬡,Sweden: Harnosand,62.6376,17.9395
Laccase (UVG67878.1),#7B3E1B,WP_266278385.1,Marine sediment■,"USA: Oso Bay, Corpus Christi, TX",27.7089,-97.3359
MCL PHA depolymerase (AAQ72538.1),#F079BA,WP_415754049.1,Marine host-associated⬡,"Antarctica: Adelaide Island, South Cove",-67.34,-68.08
MCL PHA depolymerase (AAQ72538.1),#F079BA,WP_341706354.1,Intertidal / coastal seawater★,Australia: Brisbane,-27.329583,153.087083
MCL PHA depolymerase (AAQ72538.1),#F079BA,WP_324732504.1,Intertidal sediment / beach sand▲,"Antarctica: Fildes Peninsula, King George Island",-62.21,-58.94
MCL PHA depolymerase (AAQ72538.1),#F079BA,WP_475177401.1,Surface seawater●,"USA: Atlantic ocean at Key West, Florida",24.55,-81.78
MCL PHA depolymerase (AAQ72538.1),#F079BA,WP_165773227.1,Marine sediment■,Saudi Arabia: 10 kilometers north of Thuwal,22.3897778,39.1355556
PETase (UUT36763.1),#FF0808,WP_328185892.1,Deep seawater▼,Brazil:Campos basin; 1200m,-21.52,-39.49
PETase (UUT36763.1),#FF0808,WP_223655416.1,Deep-sea / chemosynthetic sediment⬟,China: the South China Sea,18.0,116.0
PETase (UUT36763.1),#FF0808,WP_169406150.1,Deep seawater▼,China: Nanhai,18.0,116.0
PETase (UUT36763.1),#FF0808,WP_373184602.1,Intertidal sediment / beach sand▲,China: ZhouShan,29.928,122.422
PETase (UUT36763.1),#FF0808,WP_328185870.1,Deep seawater▼,Brazil:Campos basin; 1200m,-21.52,-39.49
PETase (UUT36763.1),#FF0808,WP_169407362.1,Deep seawater▼,China: Nanhai,18.0,116.0
PETase (UUT36763.1),#FF0808,WP_169407363.1,Deep seawater▼,China: Nanhai,18.0,116.0
PETase (UUT36763.1),#FF0808,WP_415055749.1,Polar sea ice / cryosphere◆,Arctic Ocean,87.4122,93.2151
PETase (UUT36763.1),#FF0808,WP_487154109.1,Plastisphere / marine biofilm✕,"Japan:Hiroshima, Onomichi, Seto Inland Sea; 7.7",34.365,133.217
PETase (UUT36763.1),#FF0808,WP_432569505.1,Marine host-associated⬡,China; 1m-1.5m,19.31,109.34
PETase (UUT36763.1),#FF0808,WP_373185656.1,Intertidal sediment / beach sand▲,China: ZhouShan,29.928,122.422
PETase (UUT36763.1),#FF0808,WP_432569504.1,Marine host-associated⬡,China; 1m-1.5m,19.31,109.34
PETase (UUT36763.1),#FF0808,WP_118131888.1,Deep-sea / chemosynthetic sediment⬟,"Mexico: Gulf of California, Big Pagoda, Millenium Falcon; 1971",27.01,-111.41
PETase (UUT36763.1),#FF0808,WP_223655417.1,Deep-sea / chemosynthetic sediment⬟,China: the South China Sea,18.0,116.0
PETase (UUT36763.1),#FF0808,WP_487155282.1,Plastisphere / marine biofilm✕,"Japan:Hiroshima, Onomichi, Seto Inland Sea; 7.7",34.365,133.217
PETase (UUT36763.1),#FF0808,WP_464382426.1,Surface seawater●,Japan:Kanagawa; 0 m,35.1955708,139.6673981
PETase (UUT36763.1),#FF0808,WP_285677831.1,Marine host-associated⬡,"Brazil: Buzios, Rio de Janeiro",-22.74,-41.88
PETase (UUT36763.1),#FF0808,WP_487156170.1,Plastisphere / marine biofilm✕,"Japan:Hiroshima, Onomichi, Seto Inland Sea; 7.7",34.365,133.217
PETase (UUT36763.1),#FF0808,WP_416398726.1,Deep-sea / chemosynthetic sediment⬟,Arctic Ocean; 1m,85.09,95.85
PETase (UUT36763.1),#FF0808,WP_290594301.1,Deep seawater▼,Pacific Ocean: South China Sea; 700 m,19.909,115.243
PETase (UUT36763.1),#FF0808,WP_460225302.1,Plastisphere / marine biofilm✕,"Japan:Hiroshima, Onomichi, Seto Inland Sea; 2.8m",34.365,133.217
PETase (UUT36763.1),#FF0808,WP_290577639.1,Deep seawater▼,Pacific Ocean: South China Sea; 700 m,19.909,115.243
PETase (UUT36763.1),#FF0808,WP_222911733.1,Deep-sea / chemosynthetic sediment⬟,Indian Ocean: Ninety East Ridge,-16.542142,89.289884
PETase (UUT36763.1),#FF0808,WP_353410588.1,Plastisphere / marine biofilm✕,"Japan:Hiroshima, Onomichi, Seto Inland Sea; 7.7",34.365,133.217
PETase (UUT36763.1),#FF0808,WP_353352583.1,Plastisphere / marine biofilm✕,"Japan:Hiroshima, Onomichi, Seto Inland Sea; 2.8",34.365,133.217
PETase (UUT36763.1),#FF0808,WP_353348434.1,Plastisphere / marine biofilm✕,"Japan:Hiroshima, Onomichi, Seto Inland Sea; 2.8",34.365,133.217
PETase (UUT36763.1),#FF0808,WP_353348446.1,Plastisphere / marine biofilm✕,"Japan:Hiroshima, Onomichi, Seto Inland Sea; 2.8",34.365,133.217
PETase (UUT36763.1),#FF0808,WP_460238364.1,Plastisphere / marine biofilm✕,"Japan:Kagoshima, Kagoshima, Kagoshima Bay; 5.05m",31.557,130.564
PETase (UUT36763.1),#FF0808,WP_475536341.1,Marine host-associated⬡,"USA: Califronia, Bodega Bay",38.333446,-123.058785
PETase (UUT36763.1),#FF0808,WP_464107832.1,Plastisphere / marine biofilm✕,"Japan:Kagoshima, Kagoshima, Kagoshima Bay; 19.1m",31.557,130.564
PETase (UUT36763.1),#FF0808,WP_460231427.1,Plastisphere / marine biofilm✕,"Japan:Hiroshima, Onomichi, Seto Inland Sea; 7.8m",34.365,133.217
PETase (UUT36763.1),#FF0808,WP_134651899.1,Marine host-associated⬡,10m depth in seawater,16.22,108.22
PETase (UUT36763.1),#FF0808,WP_464107830.1,Plastisphere / marine biofilm✕,"Japan:Kagoshima, Kagoshima, Kagoshima Bay; 19.1m",31.557,130.564
PETase (UUT36764.1),#E69F00,WP_328185892.1,Deep seawater▼,"Brazil:Campos basin, depth 1200m, 21.520 S 39.490 W",-21.52,-39.49
PETase (UUT36764.1),#E69F00,WP_417547160.1,Plastisphere / marine biofilm✕,"China: Qingdao, depth 1, 36.04 N 120.26 E",36.04,120.26
PETase (UUT36764.1),#E69F00,WP_335616960.1,Marine sediment■,"Arctic Ocean: The Barents Sea, 78.39 N 42.11 E",78.39,42.11
PETase (UUT36764.1),#E69F00,WP_223655416.1,Deep-sea / chemosynthetic sediment⬟,China: the South China Sea,18.0,116.0
PETase (UUT36764.1),#E69F00,WP_335610197.1,Marine sediment■,"Arctic Ocean: The Barents Sea, 78.20 N 42.10 E",78.2,42.1
PETase (UUT36764.1),#E69F00,WP_415055749.1,Polar sea ice / cryosphere◆,"Arctic Ocean, 87.4122 N 93.2151 E | Arctic Ocean, 87.3239 N 107.4423 E",87.4122,93.2151
PETase (UUT36764.1),#E69F00,WP_415055749.1,Polar sea ice / cryosphere◆,"Arctic Ocean, 87.4122 N 93.2151 E | Arctic Ocean, 87.3239 N 107.4423 E",87.3239,107.4423
PETase (UUT36764.1),#E69F00,WP_335616959.1,Marine sediment■,"Arctic Ocean: The Barents Sea, 78.39 N 42.11 E",78.39,42.11
PETase (UUT36764.1),#E69F00,WP_169407362.1,Deep seawater▼,China: Nanhai,18.0,116.0
PETase (UUT36764.1),#E69F00,WP_150299537.1,Intertidal / coastal seawater★,"Canada: Logy Bay | Arctic Ocean: The Barents Sea, 78.39 N 42.11 E | China",78.39,42.11
PETase (UUT36764.1),#E69F00,WP_328185870.1,Deep seawater▼,"Brazil:Campos basin, depth 1200m, 21.520 S 39.490 W",-21.52,-39.49
PETase (UUT36764.1),#E69F00,WP_169407363.1,Deep seawater▼,China: Nanhai,18.0,116.0
PETase (UUT36764.1),#E69F00,WP_341708199.1,Intertidal / coastal seawater★,"Australia:Brisbane, depth 0, 27.329583 S 153.087083 E",-27.329583,153.087083
PETase (UUT36764.1),#E69F00,WP_353389325.1,Plastisphere / marine biofilm✕,"Japan:Hiroshima, Onomichi, Seto Inland Sea, depth 2.8, 34.365 N 133.217 E | Atlantic Ocean",34.365,133.217
PETase (UUT36764.1),#E69F00,WP_335610199.1,Marine sediment■,"Arctic Ocean: The Barents Sea, 78.20 N 42.10 E",78.2,42.1
PETase (UUT36764.1),#E69F00,WP_483324069.1,Deep-sea / chemosynthetic sediment⬟,"Arctic Ocean: Gakkel Ridge, depth 0.74 mbsf, 73.763167 N 8.464000 E | Arctic Ocean: Gakkel Ridge, 73.763167 N 8.464000 E | Russia: The Pechora Sea, 69.03 N 57.36 E | Canada: Arctic Ocean, Dease Strait, depth 2.5 m, 69.03 N 105.33 W | Antarctica: Ardley Cove, Fildes Peninsula, King George Island, depth 0 m, 62.22 S 58.91 W",73.763167,8.464
PETase (UUT36764.1),#E69F00,WP_483324069.1,Deep-sea / chemosynthetic sediment⬟,"Arctic Ocean: Gakkel Ridge, depth 0.74 mbsf, 73.763167 N 8.464000 E | Arctic Ocean: Gakkel Ridge, 73.763167 N 8.464000 E | Russia: The Pechora Sea, 69.03 N 57.36 E | Canada: Arctic Ocean, Dease Strait, depth 2.5 m, 69.03 N 105.33 W | Antarctica: Ardley Cove, Fildes Peninsula, King George Island, depth 0 m, 62.22 S 58.91 W",69.03,57.36
PETase (UUT36764.1),#E69F00,WP_483324069.1,Deep-sea / chemosynthetic sediment⬟,"Arctic Ocean: Gakkel Ridge, depth 0.74 mbsf, 73.763167 N 8.464000 E | Arctic Ocean: Gakkel Ridge, 73.763167 N 8.464000 E | Russia: The Pechora Sea, 69.03 N 57.36 E | Canada: Arctic Ocean, Dease Strait, depth 2.5 m, 69.03 N 105.33 W | Antarctica: Ardley Cove, Fildes Peninsula, King George Island, depth 0 m, 62.22 S 58.91 W",69.03,-105.33
PETase (UUT36764.1),#E69F00,WP_483324069.1,Deep-sea / chemosynthetic sediment⬟,"Arctic Ocean: Gakkel Ridge, depth 0.74 mbsf, 73.763167 N 8.464000 E | Arctic Ocean: Gakkel Ridge, 73.763167 N 8.464000 E | Russia: The Pechora Sea, 69.03 N 57.36 E | Canada: Arctic Ocean, Dease Strait, depth 2.5 m, 69.03 N 105.33 W | Antarctica: Ardley Cove, Fildes Peninsula, King George Island, depth 0 m, 62.22 S 58.91 W",-62.22,-58.91
PETase (UUT36764.1),#E69F00,WP_483324068.1,Deep-sea / chemosynthetic sediment⬟,"Arctic Ocean: Gakkel Ridge, depth 0.74 mbsf, 73.763167 N 8.464000 E | Arctic Ocean: Gakkel Ridge, 73.763167 N 8.464000 E | Russia: The Pechora Sea, 69.03 N 57.37 E | Russia: The Pechora Sea, 69.03 N 57.36 E | Canada: Arctic Ocean, Dease Strait, depth 2.5 m, 69.03 N 105.33 W | Antarctica: Ardley Cove, Fildes Peninsula, King George Island, depth 0 m, 62.22 S 58.91 W",73.763167,8.464
PETase (UUT36764.1),#E69F00,WP_483324068.1,Deep-sea / chemosynthetic sediment⬟,"Arctic Ocean: Gakkel Ridge, depth 0.74 mbsf, 73.763167 N 8.464000 E | Arctic Ocean: Gakkel Ridge, 73.763167 N 8.464000 E | Russia: The Pechora Sea, 69.03 N 57.37 E | Russia: The Pechora Sea, 69.03 N 57.36 E | Canada: Arctic Ocean, Dease Strait, depth 2.5 m, 69.03 N 105.33 W | Antarctica: Ardley Cove, Fildes Peninsula, King George Island, depth 0 m, 62.22 S 58.91 W",69.03,57.37
PETase (UUT36764.1),#E69F00,WP_483324068.1,Deep-sea / chemosynthetic sediment⬟,"Arctic Ocean: Gakkel Ridge, depth 0.74 mbsf, 73.763167 N 8.464000 E | Arctic Ocean: Gakkel Ridge, 73.763167 N 8.464000 E | Russia: The Pechora Sea, 69.03 N 57.37 E | Russia: The Pechora Sea, 69.03 N 57.36 E | Canada: Arctic Ocean, Dease Strait, depth 2.5 m, 69.03 N 105.33 W | Antarctica: Ardley Cove, Fildes Peninsula, King George Island, depth 0 m, 62.22 S 58.91 W",69.03,57.36
PETase (UUT36764.1),#E69F00,WP_483324068.1,Deep-sea / chemosynthetic sediment⬟,"Arctic Ocean: Gakkel Ridge, depth 0.74 mbsf, 73.763167 N 8.464000 E | Arctic Ocean: Gakkel Ridge, 73.763167 N 8.464000 E | Russia: The Pechora Sea, 69.03 N 57.37 E | Russia: The Pechora Sea, 69.03 N 57.36 E | Canada: Arctic Ocean, Dease Strait, depth 2.5 m, 69.03 N 105.33 W | Antarctica: Ardley Cove, Fildes Peninsula, King George Island, depth 0 m, 62.22 S 58.91 W",69.03,-105.33
PETase (UUT36764.1),#E69F00,WP_483324068.1,Deep-sea / chemosynthetic sediment⬟,"Arctic Ocean: Gakkel Ridge, depth 0.74 mbsf, 73.763167 N 8.464000 E | Arctic Ocean: Gakkel Ridge, 73.763167 N 8.464000 E | Russia: The Pechora Sea, 69.03 N 57.37 E | Russia: The Pechora Sea, 69.03 N 57.36 E | Canada: Arctic Ocean, Dease Strait, depth 2.5 m, 69.03 N 105.33 W | Antarctica: Ardley Cove, Fildes Peninsula, King George Island, depth 0 m, 62.22 S 58.91 W",-62.22,-58.91
PETase (UUT36764.1),#E69F00,WP_425056760.1,Plastisphere / marine biofilm✕,"China: Qingdao, depth 1, 36.04 N 120.26 E",36.04,120.26
PETase (UUT36764.1),#E69F00,WP_432569504.1,Marine host-associated⬡,"China, depth 1m-1.5m, 19.31 N 109.34 E",19.31,109.34
PETase (UUT36764.1),#E69F00,WP_432569505.1,Marine host-associated⬡,"China, depth 1m-1.5m, 19.31 N 109.34 E",19.31,109.34
PETase (UUT36764.1),#E69F00,WP_335605360.1,Marine sediment■,"Russia: The Pechora Sea, 69.03 N 57.37 E",69.03,57.37
PETase (UUT36764.1),#E69F00,WP_169406150.1,Deep seawater▼,China: Nanhai,18.0,116.0
PETase (UUT36764.1),#E69F00,WP_223655417.1,Deep-sea / chemosynthetic sediment⬟,China: the South China Sea,18.0,116.0
PETase (UUT36764.1),#E69F00,WP_483324067.1,Intertidal / coastal seawater★,"Russia: The Pechora Sea, 69.03 N 57.37 E | Canada: Arctic Ocean, Dease Strait, depth 2.5 m, 69.03 N 105.33 W | Antarctica: Ardley Cove, Fildes Peninsula, King George Island, depth 0 m, 62.22 S 58.91 W",69.03,57.37
PETase (UUT36764.1),#E69F00,WP_483324067.1,Intertidal / coastal seawater★,"Russia: The Pechora Sea, 69.03 N 57.37 E | Canada: Arctic Ocean, Dease Strait, depth 2.5 m, 69.03 N 105.33 W | Antarctica: Ardley Cove, Fildes Peninsula, King George Island, depth 0 m, 62.22 S 58.91 W",69.03,-105.33
PETase (UUT36764.1),#E69F00,WP_483324067.1,Intertidal / coastal seawater★,"Russia: The Pechora Sea, 69.03 N 57.37 E | Canada: Arctic Ocean, Dease Strait, depth 2.5 m, 69.03 N 105.33 W | Antarctica: Ardley Cove, Fildes Peninsula, King George Island, depth 0 m, 62.22 S 58.91 W",-62.22,-58.91
PETase (UUT36764.1),#E69F00,WP_118131888.1,Deep-sea / chemosynthetic sediment⬟,"Mexico: Gulf of California, Big Pagoda, Millenium Falcon, depth 1971, 27.01 N 111.41 W | Spain: Galicia, Carnota municipality, 42.774797 N 9.124189 W | Pacific Ocean",27.01,-111.41
PETase (UUT36764.1),#E69F00,WP_118131888.1,Deep-sea / chemosynthetic sediment⬟,"Mexico: Gulf of California, Big Pagoda, Millenium Falcon, depth 1971, 27.01 N 111.41 W | Spain: Galicia, Carnota municipality, 42.774797 N 9.124189 W | Pacific Ocean",42.774797,-9.124189
PETase (UUT36764.1),#E69F00,WP_373184602.1,Intertidal sediment / beach sand▲,"China: ZhouShan, 29.928 N 122.422 E",29.928,122.422
PETase (UUT36764.1),#E69F00,WP_487154109.1,Plastisphere / marine biofilm✕,"Japan:Hiroshima, Onomichi, Seto Inland Sea, depth 7.7, 34.365 N 133.217 E",34.365,133.217
PETase (UUT36764.1),#E69F00,WP_487155282.1,Plastisphere / marine biofilm✕,"Japan:Hiroshima, Onomichi, Seto Inland Sea, depth 7.7, 34.365 N 133.217 E",34.365,133.217
PETase (UUT36764.1),#E69F00,WP_335610198.1,Marine sediment■,"Arctic Ocean: The Barents Sea, 78.20 N 42.10 E",78.2,42.1
PETase (UUT36764.1),#E69F00,WP_487156170.1,Plastisphere / marine biofilm✕,"Japan:Hiroshima, Onomichi, Seto Inland Sea, depth 7.7, 34.365 N 133.217 E",34.365,133.217
PETase (UUT36764.1),#E69F00,WP_150300936.1,Intertidal / coastal seawater★,"Canada: Logy Bay | Arctic Ocean: The Barents Sea, 78.39 N 42.11 E | China",78.39,42.11
PETase (UUT36764.1),#E69F00,WP_373185656.1,Intertidal sediment / beach sand▲,"China: ZhouShan, 29.928 N 122.422 E",29.928,122.422
PETase (UUT36764.1),#E69F00,WP_464382426.1,Surface seawater●,"Japan:Kanagawa, depth 0 m, 35.1955708 N 139.6673981 E",35.1955708,139.6673981
PETase (UUT36764.1),#E69F00,WP_285677831.1,Marine host-associated⬡,"Brazil: Buzios, Rio de Janeiro, 22.74 S 41.88 W",-22.74,-41.88
PETase (UUT36764.1),#E69F00,WP_335605499.1,Marine sediment■,"Russia: The Pechora Sea, 69.03 N 57.37 E",69.03,57.37
PETase (UUT36764.1),#E69F00,WP_445617810.1,Marine host-associated⬡,"China | China: Rongcheng District, Weihai City, Shandong Province, depth 0 meter, 37.25 N 122.58 E",37.25,122.58
PETase (UUT36764.1),#E69F00,WP_460225302.1,Plastisphere / marine biofilm✕,"Japan:Hiroshima, Onomichi, Seto Inland Sea, depth 2.75m, 34.365 N 133.217 E | Japan:Kagoshima, Kagoshima, Kagoshima Bay, depth 5.05m, 31.557 N 130.564 E | Japan:Hiroshima, Onomichi, Seto Inland Sea, depth 2.8m, 34.365 N 133.217 E",34.365,133.217
PETase (UUT36764.1),#E69F00,WP_460225302.1,Plastisphere / marine biofilm✕,"Japan:Hiroshima, Onomichi, Seto Inland Sea, depth 2.75m, 34.365 N 133.217 E | Japan:Kagoshima, Kagoshima, Kagoshima Bay, depth 5.05m, 31.557 N 130.564 E | Japan:Hiroshima, Onomichi, Seto Inland Sea, depth 2.8m, 34.365 N 133.217 E",31.557,130.564
PETase (UUT36764.1),#E69F00,WP_416398726.1,Deep-sea / chemosynthetic sediment⬟,"Indian Ocean: Eastern Africa Coastal Province, depth 5-1000m | Arctic Ocean, depth 1m, 85.09 N 95.85 E",85.09,95.85
PETase (UUT36764.1),#E69F00,WP_290577639.1,Deep seawater▼,"Pacific Ocean: South China Sea, depth 700 m, 19.909 N 115.243 E",19.909,115.243
PETase (UUT36764.1),#E69F00,WP_290594301.1,Deep seawater▼,"Pacific Ocean: South China Sea, depth 700 m, 19.909 N 115.243 E | Pacific Ocean: South China Sea, depth 40 m, 19.909 N 115.243 E",19.909,115.243
PETase (UUT36764.1),#E69F00,WP_277688238.1,Deep seawater▼,"Mexico: Gulf of Mexico, depth 1000 m, 25.83 N 95.50 W",25.83,-95.5
PETase (UUT36764.1),#E69F00,WP_139344129.1,Marine host-associated⬡,India: Mandapam coast | Taiwan:Keelung | Taiwan,23.7,121.0
PETase (UUT36764.1),#E69F00,WP_353348434.1,Plastisphere / marine biofilm✕,"Japan:Hiroshima, Onomichi, Seto Inland Sea, depth 2.8, 34.365 N 133.217 E",34.365,133.217
PETase (UUT36764.1),#E69F00,WP_353348446.1,Plastisphere / marine biofilm✕,"Japan:Hiroshima, Onomichi, Seto Inland Sea, depth 2.8, 34.365 N 133.217 E",34.365,133.217
PETase (UUT36764.1),#E69F00,WP_353352583.1,Plastisphere / marine biofilm✕,"Japan:Hiroshima, Onomichi, Seto Inland Sea, depth 2.8, 34.365 N 133.217 E",34.365,133.217
PETase (UUT36764.1),#E69F00,WP_222911733.1,Deep-sea / chemosynthetic sediment⬟,"Indian Ocean: Ninety East Ridge, 16.542142 S 89.289884 E",-16.542142,89.289884
PETase (UUT36764.1),#E69F00,WP_334015429.1,Intertidal / coastal seawater★,"Spain:Blanes,Blanes Bay Microbial Observatory, depth surface, 41.40 N 2.48 E",41.4,2.48
PETase (UUT36764.1),#E69F00,WP_353410588.1,Plastisphere / marine biofilm✕,"Japan:Hiroshima, Onomichi, Seto Inland Sea, depth 7.7, 34.365 N 133.217 E | Japan: Yokosuka, depth -3m, 35.31 N 139.64 E",34.365,133.217
PETase (UUT36764.1),#E69F00,WP_353410588.1,Plastisphere / marine biofilm✕,"Japan:Hiroshima, Onomichi, Seto Inland Sea, depth 7.7, 34.365 N 133.217 E | Japan: Yokosuka, depth -3m, 35.31 N 139.64 E",35.31,139.64
PETase (UUT36764.1),#E69F00,WP_460238364.1,Plastisphere / marine biofilm✕,"Japan:Kagoshima, Kagoshima, Kagoshima Bay, depth 5.05m, 31.557 N 130.564 E",31.557,130.564
PETase (UUT36764.1),#E69F00,WP_460231427.1,Plastisphere / marine biofilm✕,"Japan:Hiroshima, Onomichi, Seto Inland Sea, depth 7.8m, 34.365 N 133.217 E",34.365,133.217
PETase (UUT36764.1),#E69F00,WP_475536341.1,Marine host-associated⬡,"USA: Califronia, Bodega Bay, 38.333446 N 123.058785 W",38.333446,-123.058785
PETase (UUT36764.1),#E69F00,WP_464107829.1,Plastisphere / marine biofilm✕,"Japan:Kagoshima, Kagoshima, Kagoshima Bay, depth 19.1m, 31.557 N 130.564 E",31.557,130.564
PETase (UUT36764.1),#E69F00,WP_134651899.1,Surface seawater●,16.22 N 108.22 E,16.22,108.22
PETase (UUT36764.1),#E69F00,WP_464107832.1,Plastisphere / marine biofilm✕,"Japan:Kagoshima, Kagoshima, Kagoshima Bay, depth 19.1m, 31.557 N 130.564 E",31.557,130.564
