enzyme,color,lat,lon,Environment group,repeat_count
Oxidoreductase (UOM43036.1),#FFFB00,-33.96,25.64,Marine host-associated⬡,1
Oxidoreductase (UOM43036.1),#FFFB00,-6.44,38.9,Marine sediment■,1
Oxidoreductase (UOM43036.1),#FFFB00,1.222353,103.848702,Marine host-associated⬡,1
Oxidoreductase (UOM43036.1),#FFFB00,4.84,100.63,Mangrove sediment✚,1
Oxidoreductase (UOM43036.1),#FFFB00,18.0,116.0,Marine sediment■,1
Oxidoreductase (UOM43036.1),#FFFB00,21.03,118.23,Deep seawater▼,2
Oxidoreductase (UOM43036.1),#FFFB00,22.568,114.439,Marine sediment■,1
Oxidoreductase (UOM43036.1),#FFFB00,22.59,114.552,Marine sediment■,1
Oxidoreductase (UOM43036.1),#FFFB00,23.7,121.0,Marine host-associated⬡,1
Oxidoreductase (UOM43036.1),#FFFB00,24.55,-81.78,Plastisphere / marine biofilm✕,3
Oxidoreductase (UOM43036.1),#FFFB00,79.8,1.76,Marine sediment■,1
Poly(3-hydroxybutyrate) depolymerase (LC127088.1),#009E3F,-62.209722,-58.945,Intertidal sediment / beach sand▲,1
Poly(3-hydroxybutyrate) depolymerase (LC127088.1),#009E3F,-35.3413,79.9641,Plastisphere / marine biofilm✕,1
Poly(3-hydroxybutyrate) depolymerase (LC127088.1),#009E3F,-34.0614,-73.1066,Surface seawater●,1
Poly(3-hydroxybutyrate) depolymerase (LC127088.1),#009E3F,-33.55,39.89,Surface seawater●,1
Poly(3-hydroxybutyrate) depolymerase (LC127088.1),#009E3F,-27.98,63.25,Surface seawater●,2
Poly(3-hydroxybutyrate) depolymerase (LC127088.1),#009E3F,-27.74,-117.62,Deep seawater▼,1
Poly(3-hydroxybutyrate) depolymerase (LC127088.1),#009E3F,-27.6,-48.55,Marine host-associated⬡,1
Poly(3-hydroxybutyrate) depolymerase (LC127088.1),#009E3F,-23.463658,-70.504668,Plastisphere / marine biofilm✕,1
Poly(3-hydroxybutyrate) depolymerase (LC127088.1),#009E3F,-22.74,-41.88,Surface seawater●,1
Poly(3-hydroxybutyrate) depolymerase (LC127088.1),#009E3F,-22.58,-42.02,Marine host-associated⬡,1
Poly(3-hydroxybutyrate) depolymerase (LC127088.1),#009E3F,-22.2887,-42.5341,Marine host-associated⬡,1
Poly(3-hydroxybutyrate) depolymerase (LC127088.1),#009E3F,-20.4075,-3.1641,Surface seawater●,1
Poly(3-hydroxybutyrate) depolymerase (LC127088.1),#009E3F,-18.5446,146.4881,Marine host-associated⬡,1
Poly(3-hydroxybutyrate) depolymerase (LC127088.1),#009E3F,-16.21,-76.63,Surface seawater●,1
Poly(3-hydroxybutyrate) depolymerase (LC127088.1),#009E3F,-14.51,-76.2,Surface seawater●,1
Poly(3-hydroxybutyrate) depolymerase (LC127088.1),#009E3F,-14.509,-76.201,Surface seawater●,1
Poly(3-hydroxybutyrate) depolymerase (LC127088.1),#009E3F,-13.003,-80.809,Surface seawater●,1
Poly(3-hydroxybutyrate) depolymerase (LC127088.1),#009E3F,-11.499,-81.405,Surface seawater●,1
Poly(3-hydroxybutyrate) depolymerase (LC127088.1),#009E3F,-11.499,-81.401,Deep seawater▼,1
Poly(3-hydroxybutyrate) depolymerase (LC127088.1),#009E3F,-8.9111,-142.5571,Polar sea ice / cryosphere◆,1
Poly(3-hydroxybutyrate) depolymerase (LC127088.1),#009E3F,-8.9109,-140.2845,Surface seawater●,1
Poly(3-hydroxybutyrate) depolymerase (LC127088.1),#009E3F,-8.1005,156.8451,Surface seawater●,1
Poly(3-hydroxybutyrate) depolymerase (LC127088.1),#009E3F,-8.0045,53.2943,Marine host-associated⬡,1
Poly(3-hydroxybutyrate) depolymerase (LC127088.1),#009E3F,-6.1,153.0,Deep-sea / chemosynthetic sediment⬟,1
Poly(3-hydroxybutyrate) depolymerase (LC127088.1),#009E3F,2.631577,-78.041853,Marine host-associated⬡,2
Poly(3-hydroxybutyrate) depolymerase (LC127088.1),#009E3F,3.0,142.5,Marine sediment■,1
Poly(3-hydroxybutyrate) depolymerase (LC127088.1),#009E3F,3.873662,-77.290647,Marine host-associated⬡,4
Poly(3-hydroxybutyrate) depolymerase (LC127088.1),#009E3F,5.0,130.0,Surface seawater●,1
Poly(3-hydroxybutyrate) depolymerase (LC127088.1),#009E3F,7.46,-81.76,Marine host-associated⬡,1
Poly(3-hydroxybutyrate) depolymerase (LC127088.1),#009E3F,10.504,75.398,Surface seawater●,1
Poly(3-hydroxybutyrate) depolymerase (LC127088.1),#009E3F,10.847,-65.114,Surface seawater●,1
Poly(3-hydroxybutyrate) depolymerase (LC127088.1),#009E3F,11.2,142.11,Surface seawater●,1
Poly(3-hydroxybutyrate) depolymerase (LC127088.1),#009E3F,11.34,142.33,Deep seawater▼,2
Poly(3-hydroxybutyrate) depolymerase (LC127088.1),#009E3F,11.34,142.33,Surface seawater●,1
Poly(3-hydroxybutyrate) depolymerase (LC127088.1),#009E3F,11.4,142.4,Deep seawater▼,1
Poly(3-hydroxybutyrate) depolymerase (LC127088.1),#009E3F,15.5109,73.8607,Mangrove sediment✚,1
Poly(3-hydroxybutyrate) depolymerase (LC127088.1),#009E3F,15.513,73.8704,Surface seawater●,1
Poly(3-hydroxybutyrate) depolymerase (LC127088.1),#009E3F,16.79,-88.07,Marine host-associated⬡,3
Poly(3-hydroxybutyrate) depolymerase (LC127088.1),#009E3F,16.797,-88.0844,Marine host-associated⬡,1
Poly(3-hydroxybutyrate) depolymerase (LC127088.1),#009E3F,17.04,110.0,Surface seawater●,1
Poly(3-hydroxybutyrate) depolymerase (LC127088.1),#009E3F,17.488568,106.628368,Surface seawater●,1
Poly(3-hydroxybutyrate) depolymerase (LC127088.1),#009E3F,18.0,116.0,Surface seawater●,1
Poly(3-hydroxybutyrate) depolymerase (LC127088.1),#009E3F,18.24,109.36,Marine host-associated⬡,2
Poly(3-hydroxybutyrate) depolymerase (LC127088.1),#009E3F,18.37436,-64.9549,Marine host-associated⬡,1
Poly(3-hydroxybutyrate) depolymerase (LC127088.1),#009E3F,18.921836,72.834705,Surface seawater●,1
Poly(3-hydroxybutyrate) depolymerase (LC127088.1),#009E3F,19.0,119.0,Surface seawater●,1
Poly(3-hydroxybutyrate) depolymerase (LC127088.1),#009E3F,19.31,109.34,Surface seawater●,1
Poly(3-hydroxybutyrate) depolymerase (LC127088.1),#009E3F,19.5,-96.0,Surface seawater●,1
Poly(3-hydroxybutyrate) depolymerase (LC127088.1),#009E3F,19.856667,109.231667,Intertidal sediment / beach sand▲,1
Poly(3-hydroxybutyrate) depolymerase (LC127088.1),#009E3F,19.8567,109.2317,Intertidal sediment / beach sand▲,1
Poly(3-hydroxybutyrate) depolymerase (LC127088.1),#009E3F,19.86,109.23,Intertidal sediment / beach sand▲,1
Poly(3-hydroxybutyrate) depolymerase (LC127088.1),#009E3F,20.31,-94.13,Surface seawater●,2
Poly(3-hydroxybutyrate) depolymerase (LC127088.1),#009E3F,22.1,119.28,Deep-sea / chemosynthetic sediment⬟,1
Poly(3-hydroxybutyrate) depolymerase (LC127088.1),#009E3F,22.56,-63.73,Plastisphere / marine biofilm✕,1
Poly(3-hydroxybutyrate) depolymerase (LC127088.1),#009E3F,22.5675,114.4555,Surface seawater●,2
Poly(3-hydroxybutyrate) depolymerase (LC127088.1),#009E3F,22.75,-158.0,Deep seawater▼,6
Poly(3-hydroxybutyrate) depolymerase (LC127088.1),#009E3F,22.75,-158.0,Surface seawater●,1
Poly(3-hydroxybutyrate) depolymerase (LC127088.1),#009E3F,22.7546,-158.0067,Surface seawater●,1
Poly(3-hydroxybutyrate) depolymerase (LC127088.1),#009E3F,23.2469494,119.6679559,Surface seawater●,1
Poly(3-hydroxybutyrate) depolymerase (LC127088.1),#009E3F,24.43,-65.55,Plastisphere / marine biofilm✕,1
Poly(3-hydroxybutyrate) depolymerase (LC127088.1),#009E3F,24.55,-81.78,Surface seawater●,6
Poly(3-hydroxybutyrate) depolymerase (LC127088.1),#009E3F,24.56,-81.4,Marine host-associated⬡,1
Poly(3-hydroxybutyrate) depolymerase (LC127088.1),#009E3F,24.59,-81.4,Marine host-associated⬡,1
Poly(3-hydroxybutyrate) depolymerase (LC127088.1),#009E3F,24.9963,-67.0246,Marine host-associated⬡,2
Poly(3-hydroxybutyrate) depolymerase (LC127088.1),#009E3F,25.102204,-80.438708,Mangrove sediment✚,1
Poly(3-hydroxybutyrate) depolymerase (LC127088.1),#009E3F,25.188,-159.284,Deep seawater▼,1
Poly(3-hydroxybutyrate) depolymerase (LC127088.1),#009E3F,25.4,66.1,Mangrove sediment✚,1
Poly(3-hydroxybutyrate) depolymerase (LC127088.1),#009E3F,25.408,-159.377,Deep seawater▼,1
Poly(3-hydroxybutyrate) depolymerase (LC127088.1),#009E3F,25.86,-68.99,Plastisphere / marine biofilm✕,1
Poly(3-hydroxybutyrate) depolymerase (LC127088.1),#009E3F,25.944,-158.273,Deep seawater▼,1
Poly(3-hydroxybutyrate) depolymerase (LC127088.1),#009E3F,26.16,-80.1,Marine host-associated⬡,1
Poly(3-hydroxybutyrate) depolymerase (LC127088.1),#009E3F,26.196,-158.156,Surface seawater●,1
Poly(3-hydroxybutyrate) depolymerase (LC127088.1),#009E3F,26.201,-158.477,Surface seawater●,1
Poly(3-hydroxybutyrate) depolymerase (LC127088.1),#009E3F,26.475,-158.313,Surface seawater●,1
Poly(3-hydroxybutyrate) depolymerase (LC127088.1),#009E3F,26.5042,-66.9964,Surface seawater●,1
Poly(3-hydroxybutyrate) depolymerase (LC127088.1),#009E3F,27.5,120.3,Surface seawater●,1
Poly(3-hydroxybutyrate) depolymerase (LC127088.1),#009E3F,28.33,121.18,Surface seawater●,1
Poly(3-hydroxybutyrate) depolymerase (LC127088.1),#009E3F,29.47,121.58,Surface seawater●,1
Poly(3-hydroxybutyrate) depolymerase (LC127088.1),#009E3F,29.928,122.422,Surface seawater●,1
Poly(3-hydroxybutyrate) depolymerase (LC127088.1),#009E3F,29.949,122.091,Plastisphere / marine biofilm✕,2
Poly(3-hydroxybutyrate) depolymerase (LC127088.1),#009E3F,30.19,130.1,Surface seawater●,1
Poly(3-hydroxybutyrate) depolymerase (LC127088.1),#009E3F,31.4,-64.1,Marine host-associated⬡,1
Poly(3-hydroxybutyrate) depolymerase (LC127088.1),#009E3F,31.557,130.564,Plastisphere / marine biofilm✕,2
Poly(3-hydroxybutyrate) depolymerase (LC127088.1),#009E3F,33.165,126.272,Marine host-associated⬡,1
Poly(3-hydroxybutyrate) depolymerase (LC127088.1),#009E3F,34.365,133.217,Plastisphere / marine biofilm✕,3
Poly(3-hydroxybutyrate) depolymerase (LC127088.1),#009E3F,34.4027,-119.53483,Intertidal / coastal seawater★,1
Poly(3-hydroxybutyrate) depolymerase (LC127088.1),#009E3F,34.42,34.0,Deep seawater▼,1
Poly(3-hydroxybutyrate) depolymerase (LC127088.1),#009E3F,34.51,138.21,Surface seawater●,1
Poly(3-hydroxybutyrate) depolymerase (LC127088.1),#009E3F,36.04,120.26,Surface seawater●,3
Poly(3-hydroxybutyrate) depolymerase (LC127088.1),#009E3F,36.178,133.277,Plastisphere / marine biofilm✕,4
Poly(3-hydroxybutyrate) depolymerase (LC127088.1),#009E3F,36.25,-122.2099,Surface seawater●,1
Poly(3-hydroxybutyrate) depolymerase (LC127088.1),#009E3F,36.36,120.7,Surface seawater●,1
Poly(3-hydroxybutyrate) depolymerase (LC127088.1),#009E3F,36.9,-75.93,Plastisphere / marine biofilm✕,1
Poly(3-hydroxybutyrate) depolymerase (LC127088.1),#009E3F,36.95428158,126.81518554,Intertidal sediment / beach sand▲,1
Poly(3-hydroxybutyrate) depolymerase (LC127088.1),#009E3F,37.09,122.35,Surface seawater●,1
Poly(3-hydroxybutyrate) depolymerase (LC127088.1),#009E3F,37.12,142.42,Surface seawater●,1
Poly(3-hydroxybutyrate) depolymerase (LC127088.1),#009E3F,37.562,122.121,Marine host-associated⬡,2
Poly(3-hydroxybutyrate) depolymerase (LC127088.1),#009E3F,38.35,1.67,Marine host-associated⬡,1
Poly(3-hydroxybutyrate) depolymerase (LC127088.1),#009E3F,38.47,128.43,Surface seawater●,1
Poly(3-hydroxybutyrate) depolymerase (LC127088.1),#009E3F,38.55,13.18,Surface seawater●,1
Poly(3-hydroxybutyrate) depolymerase (LC127088.1),#009E3F,38.58,-76.42,Plastisphere / marine biofilm✕,1
Poly(3-hydroxybutyrate) depolymerase (LC127088.1),#009E3F,38.99,2.65,Marine host-associated⬡,2
Poly(3-hydroxybutyrate) depolymerase (LC127088.1),#009E3F,39.48,7.24,Surface seawater●,1
Poly(3-hydroxybutyrate) depolymerase (LC127088.1),#009E3F,39.54,116.26,Marine host-associated⬡,1
Poly(3-hydroxybutyrate) depolymerase (LC127088.1),#009E3F,40.0,-32.0,Surface seawater●,1
Poly(3-hydroxybutyrate) depolymerase (LC127088.1),#009E3F,41.524998,-70.673098,Intertidal sediment / beach sand▲,2
Poly(3-hydroxybutyrate) depolymerase (LC127088.1),#009E3F,42.12574,139.99966,Marine host-associated⬡,1
Poly(3-hydroxybutyrate) depolymerase (LC127088.1),#009E3F,42.25,-70.54,Intertidal sediment / beach sand▲,3
Poly(3-hydroxybutyrate) depolymerase (LC127088.1),#009E3F,42.42,-70.907,Intertidal sediment / beach sand▲,3
Poly(3-hydroxybutyrate) depolymerase (LC127088.1),#009E3F,43.0,34.0,Surface seawater●,1
Poly(3-hydroxybutyrate) depolymerase (LC127088.1),#009E3F,43.49,7.9,Marine host-associated⬡,1
Poly(3-hydroxybutyrate) depolymerase (LC127088.1),#009E3F,49.5078,-124.8272709,Marine host-associated⬡,1
Poly(3-hydroxybutyrate) depolymerase (LC127088.1),#009E3F,54.331849,10.144127,Marine host-associated⬡,1
Poly(3-hydroxybutyrate) depolymerase (LC127088.1),#009E3F,74.305,-85.6552,Surface seawater●,1
Poly(3-hydroxybutyrate) depolymerase (LC127088.1),#009E3F,79.7913,1.7609,Polar sea ice / cryosphere◆,2
Poly(3-hydroxybutyrate) depolymerase (LC127088.1),#009E3F,22447445.1,22447445.1,Surface seawater●,1
Poly(3-hydroxybutyrate) depolymerase (LC127088.1),#009E3F,58135875.1,58135875.1,Plastisphere / marine biofilm✕,1
Glutathione peroxidase (WP_026826575.1),#0072B2,-19.9326,146.519,Plastisphere / marine biofilm✕,1
Glutathione peroxidase (WP_026826575.1),#0072B2,0.0,160.0,Surface seawater●,1
Glutathione peroxidase (WP_026826575.1),#0072B2,5.3302,100.309,Plastisphere / marine biofilm✕,1
Glutathione peroxidase (WP_026826575.1),#0072B2,15.12,108.8,Marine host-associated⬡,1
Glutathione peroxidase (WP_026826575.1),#0072B2,19.909,115.243,Deep seawater▼,2
Glutathione peroxidase (WP_026826575.1),#0072B2,21.03,109.12,Mangrove sediment✚,1
Glutathione peroxidase (WP_026826575.1),#0072B2,21.5,72.5,Deep-sea / chemosynthetic sediment⬟,1
Glutathione peroxidase (WP_026826575.1),#0072B2,21.58,109.1,Mangrove sediment✚,1
Glutathione peroxidase (WP_026826575.1),#0072B2,22.59,114.552,Marine sediment■,1
Glutathione peroxidase (WP_026826575.1),#0072B2,22.75,-158.0,Deep seawater▼,1
Glutathione peroxidase (WP_026826575.1),#0072B2,22.7901,-157.9439,Surface seawater●,1
Glutathione peroxidase (WP_026826575.1),#0072B2,23.2833,116.773,Intertidal sediment / beach sand▲,1
Glutathione peroxidase (WP_026826575.1),#0072B2,24.4743,118.045,Intertidal / coastal seawater★,1
Glutathione peroxidase (WP_026826575.1),#0072B2,29.928,122.422,Intertidal sediment / beach sand▲,2
Glutathione peroxidase (WP_026826575.1),#0072B2,35.5246,134.085,Marine host-associated⬡,1
Glutathione peroxidase (WP_026826575.1),#0072B2,36.979778,-7.989111,Marine host-associated⬡,1
Glutathione peroxidase (WP_026826575.1),#0072B2,38.23,128.69,Intertidal / coastal seawater★,1
Glutathione peroxidase (WP_026826575.1),#0072B2,43.0,34.0,Marine sediment■,1
Glutathione peroxidase (WP_026826575.1),#0072B2,57.1573,9.36542,Intertidal / coastal seawater★,1
Glutathione peroxidase (WP_003945816.1),#42d4f4,-62.961333,-27.891833,Marine host-associated⬡,1
Glutathione peroxidase (WP_003945816.1),#42d4f4,16.75,112.35,Marine host-associated⬡,2
Glutathione peroxidase (WP_003945816.1),#42d4f4,24.55,-81.78,Marine host-associated⬡,2
Glutathione peroxidase (WP_003945816.1),#42d4f4,41.139783,-8.664167,Marine sediment■,1
Glutathione peroxidase (WP_003945816.1),#42d4f4,47.2768,-122.4649,Intertidal / coastal seawater★,1
Glutathione peroxidase (WP_003945816.1),#42d4f4,51.63951,0.41053,Intertidal / coastal seawater★,1
Glutathione peroxidase (WP_003945816.1),#42d4f4,51.81,0.979,Marine sediment■,1
Glutathione peroxidase (WP_003945816.1),#42d4f4,54.331849,10.144127,Marine host-associated⬡,1
Glutathione peroxidase (WP_003945816.1),#42d4f4,58.964659,-3.295147,Marine host-associated⬡,1
Glutathione peroxidase (WP_003945816.1),#42d4f4,63.61472222,10.52277778,Marine host-associated⬡,1
PHB depolymerase (AAB40611.1),#8E63CE,-62.209722,-58.945,Intertidal sediment / beach sand▲,1
PHB depolymerase (AAB40611.1),#8E63CE,-35.3413,79.9641,Plastisphere / marine biofilm✕,1
PHB depolymerase (AAB40611.1),#8E63CE,-34.0614,-73.1066,Surface seawater●,1
PHB depolymerase (AAB40611.1),#8E63CE,-33.55,39.89,Surface seawater●,1
PHB depolymerase (AAB40611.1),#8E63CE,-32.7171,152.1049,Marine host-associated⬡,3
PHB depolymerase (AAB40611.1),#8E63CE,-27.98,63.25,Surface seawater●,1
PHB depolymerase (AAB40611.1),#8E63CE,-27.74,-117.62,Deep seawater▼,1
PHB depolymerase (AAB40611.1),#8E63CE,-23.463658,-70.504668,Plastisphere / marine biofilm✕,1
PHB depolymerase (AAB40611.1),#8E63CE,-22.74,-41.88,Surface seawater●,1
PHB depolymerase (AAB40611.1),#8E63CE,-22.58,-42.02,Marine host-associated⬡,1
PHB depolymerase (AAB40611.1),#8E63CE,-20.4075,-3.1641,Surface seawater●,1
PHB depolymerase (AAB40611.1),#8E63CE,-16.21,-76.63,Surface seawater●,1
PHB depolymerase (AAB40611.1),#8E63CE,-13.003,-80.809,Surface seawater●,1
PHB depolymerase (AAB40611.1),#8E63CE,-8.9109,-140.2845,Surface seawater●,1
PHB depolymerase (AAB40611.1),#8E63CE,-8.0045,53.2943,Surface seawater●,1
PHB depolymerase (AAB40611.1),#8E63CE,-6.1,153.0,Deep-sea / chemosynthetic sediment⬟,1
PHB depolymerase (AAB40611.1),#8E63CE,2.631577,-78.041853,Marine host-associated⬡,2
PHB depolymerase (AAB40611.1),#8E63CE,3.0,142.5,Deep-sea / chemosynthetic sediment⬟,1
PHB depolymerase (AAB40611.1),#8E63CE,3.873662,-77.290647,Marine host-associated⬡,4
PHB depolymerase (AAB40611.1),#8E63CE,5.0,130.0,Surface seawater●,1
PHB depolymerase (AAB40611.1),#8E63CE,10.847,-65.114,Surface seawater●,1
PHB depolymerase (AAB40611.1),#8E63CE,11.2,142.11,Surface seawater●,1
PHB depolymerase (AAB40611.1),#8E63CE,11.34,142.33,Deep seawater▼,2
PHB depolymerase (AAB40611.1),#8E63CE,11.34,142.33,Surface seawater●,1
PHB depolymerase (AAB40611.1),#8E63CE,11.4,142.4,Deep seawater▼,1
PHB depolymerase (AAB40611.1),#8E63CE,15.513,73.8704,Mangrove sediment✚,1
PHB depolymerase (AAB40611.1),#8E63CE,16.62,116.72,Surface seawater●,1
PHB depolymerase (AAB40611.1),#8E63CE,16.79,-88.07,Marine host-associated⬡,3
PHB depolymerase (AAB40611.1),#8E63CE,17.04,110.0,Surface seawater●,1
PHB depolymerase (AAB40611.1),#8E63CE,17.488568,106.628368,Surface seawater●,1
PHB depolymerase (AAB40611.1),#8E63CE,17.967318,-67.01883,Surface seawater●,1
PHB depolymerase (AAB40611.1),#8E63CE,18.0,116.0,Surface seawater●,1
PHB depolymerase (AAB40611.1),#8E63CE,18.37436,-64.9549,Marine host-associated⬡,1
PHB depolymerase (AAB40611.1),#8E63CE,18.921836,72.834705,Surface seawater●,1
PHB depolymerase (AAB40611.1),#8E63CE,18.97,39.54,Surface seawater●,1
PHB depolymerase (AAB40611.1),#8E63CE,19.0,119.0,Surface seawater●,1
PHB depolymerase (AAB40611.1),#8E63CE,19.5,-96.0,Deep-sea / chemosynthetic sediment⬟,1
PHB depolymerase (AAB40611.1),#8E63CE,20.31,-94.13,Surface seawater●,2
PHB depolymerase (AAB40611.1),#8E63CE,22.5675,114.4555,Intertidal / coastal seawater★,2
PHB depolymerase (AAB40611.1),#8E63CE,22.75,-158.0,Deep seawater▼,4
PHB depolymerase (AAB40611.1),#8E63CE,22.75,-158.0,Marine sediment■,3
PHB depolymerase (AAB40611.1),#8E63CE,22.7546,-158.0067,Surface seawater●,1
PHB depolymerase (AAB40611.1),#8E63CE,23.2469494,119.6679559,Marine host-associated⬡,1
PHB depolymerase (AAB40611.1),#8E63CE,24.56,-81.4,Marine host-associated⬡,1
PHB depolymerase (AAB40611.1),#8E63CE,24.59,-81.4,Marine host-associated⬡,1
PHB depolymerase (AAB40611.1),#8E63CE,24.65,-156.48,Surface seawater●,1
PHB depolymerase (AAB40611.1),#8E63CE,24.9963,-67.0246,Marine host-associated⬡,2
PHB depolymerase (AAB40611.1),#8E63CE,25.86,-68.99,Plastisphere / marine biofilm✕,1
PHB depolymerase (AAB40611.1),#8E63CE,26.16,-80.1,Marine host-associated⬡,1
PHB depolymerase (AAB40611.1),#8E63CE,26.196,-158.156,Surface seawater●,1
PHB depolymerase (AAB40611.1),#8E63CE,27.27,-111.44,Surface seawater●,1
PHB depolymerase (AAB40611.1),#8E63CE,27.5,120.3,Mangrove sediment✚,1
PHB depolymerase (AAB40611.1),#8E63CE,27.51583333,-111.425,Deep seawater▼,1
PHB depolymerase (AAB40611.1),#8E63CE,28.33,121.18,Mangrove sediment✚,1
PHB depolymerase (AAB40611.1),#8E63CE,29.390016,47.98736,Marine sediment■,1
PHB depolymerase (AAB40611.1),#8E63CE,29.47,121.58,Surface seawater●,1
PHB depolymerase (AAB40611.1),#8E63CE,29.928,122.422,Intertidal sediment / beach sand▲,1
PHB depolymerase (AAB40611.1),#8E63CE,29.949,122.091,Plastisphere / marine biofilm✕,2
PHB depolymerase (AAB40611.1),#8E63CE,30.1282,122.74599,Intertidal / coastal seawater★,3
PHB depolymerase (AAB40611.1),#8E63CE,30.19,130.1,Surface seawater●,1
PHB depolymerase (AAB40611.1),#8E63CE,31.4,-64.1,Surface seawater●,1
PHB depolymerase (AAB40611.1),#8E63CE,31.557,130.564,Plastisphere / marine biofilm✕,2
PHB depolymerase (AAB40611.1),#8E63CE,34.365,133.217,Plastisphere / marine biofilm✕,3
PHB depolymerase (AAB40611.1),#8E63CE,34.51,138.21,Surface seawater●,1
PHB depolymerase (AAB40611.1),#8E63CE,35.09,139.14,Plastisphere / marine biofilm✕,1
PHB depolymerase (AAB40611.1),#8E63CE,36.04,120.26,Plastisphere / marine biofilm✕,3
PHB depolymerase (AAB40611.1),#8E63CE,36.178,133.277,Plastisphere / marine biofilm✕,4
PHB depolymerase (AAB40611.1),#8E63CE,36.25,-122.2099,Surface seawater●,1
PHB depolymerase (AAB40611.1),#8E63CE,36.36,120.7,Surface seawater●,1
PHB depolymerase (AAB40611.1),#8E63CE,36.95428158,126.81518554,Intertidal sediment / beach sand▲,1
PHB depolymerase (AAB40611.1),#8E63CE,37.12,142.42,Deep-sea / chemosynthetic sediment⬟,1
PHB depolymerase (AAB40611.1),#8E63CE,38.35,1.67,Marine host-associated⬡,1
PHB depolymerase (AAB40611.1),#8E63CE,38.47,128.43,Surface seawater●,1
PHB depolymerase (AAB40611.1),#8E63CE,38.55,13.18,Surface seawater●,1
PHB depolymerase (AAB40611.1),#8E63CE,38.99,2.65,Marine host-associated⬡,2
PHB depolymerase (AAB40611.1),#8E63CE,39.48,7.24,Surface seawater●,1
PHB depolymerase (AAB40611.1),#8E63CE,39.54,116.26,Surface seawater●,1
PHB depolymerase (AAB40611.1),#8E63CE,40.0,-32.0,Surface seawater●,1
PHB depolymerase (AAB40611.1),#8E63CE,41.4,2.48,Surface seawater●,1
PHB depolymerase (AAB40611.1),#8E63CE,42.12574,139.99966,Marine host-associated⬡,1
PHB depolymerase (AAB40611.1),#8E63CE,42.25,-70.54,Plastisphere / marine biofilm✕,3
PHB depolymerase (AAB40611.1),#8E63CE,42.42,-70.907,Intertidal / coastal seawater★,3
PHB depolymerase (AAB40611.1),#8E63CE,49.5078,-124.8272709,Marine host-associated⬡,1
PHB depolymerase (AAB40611.1),#8E63CE,74.305,-85.6552,Surface seawater●,1
PHB depolymerase (AAB40611.1),#8E63CE,79.7913,1.7609,Polar sea ice / cryosphere◆,2
Laccase (UVG67878.1),#7B3E1B,-65.8776,-68.2823,Surface seawater●,1
Laccase (UVG67878.1),#7B3E1B,-62.4714,-59.6967,Surface seawater●,1
Laccase (UVG67878.1),#7B3E1B,-50.35,-39.82,Surface seawater●,1
Laccase (UVG67878.1),#7B3E1B,-35.0328,138.517,Marine host-associated⬡,1
Laccase (UVG67878.1),#7B3E1B,-33.4,2.35,Deep-sea / chemosynthetic sediment⬟,1
Laccase (UVG67878.1),#7B3E1B,-30.1367,-43.2899,Surface seawater●,1
Laccase (UVG67878.1),#7B3E1B,-22.97,-36.95,Deep seawater▼,2
Laccase (UVG67878.1),#7B3E1B,-3.1,-102.55,Deep-sea / chemosynthetic sediment⬟,1
Laccase (UVG67878.1),#7B3E1B,-1.44,117.24,Surface seawater●,2
Laccase (UVG67878.1),#7B3E1B,9.29224,79.2223,Marine host-associated⬡,1
Laccase (UVG67878.1),#7B3E1B,12.1349,93.0676,Marine host-associated⬡,2
Laccase (UVG67878.1),#7B3E1B,14.86,-48.24,Marine host-associated⬡,1
Laccase (UVG67878.1),#7B3E1B,15.91,-124.49,Deep seawater▼,1
Laccase (UVG67878.1),#7B3E1B,20.0,-52.63,Deep seawater▼,1
Laccase (UVG67878.1),#7B3E1B,21.49,108.48,Surface seawater●,1
Laccase (UVG67878.1),#7B3E1B,22.49,114.58,Mangrove sediment✚,1
Laccase (UVG67878.1),#7B3E1B,23.4183,37.245,Surface seawater●,1
Laccase (UVG67878.1),#7B3E1B,24.1455,47.3119,Marine host-associated⬡,1
Laccase (UVG67878.1),#7B3E1B,24.61,118.3,Marine host-associated⬡,3
Laccase (UVG67878.1),#7B3E1B,27.7089,-97.3359,Marine sediment■,2
Laccase (UVG67878.1),#7B3E1B,29.501,34.917,Surface seawater●,2
Laccase (UVG67878.1),#7B3E1B,29.928,122.422,Intertidal sediment / beach sand▲,1
Laccase (UVG67878.1),#7B3E1B,29.948,122.407,Intertidal sediment / beach sand▲,1
Laccase (UVG67878.1),#7B3E1B,35.65,-7.33,Deep-sea / chemosynthetic sediment⬟,1
Laccase (UVG67878.1),#7B3E1B,37.07,131.23,Marine host-associated⬡,5
Laccase (UVG67878.1),#7B3E1B,37.17,122.568,Marine host-associated⬡,2
Laccase (UVG67878.1),#7B3E1B,37.562,122.121,Marine host-associated⬡,16
Laccase (UVG67878.1),#7B3E1B,38.914,121.615,Intertidal / coastal seawater★,1
Laccase (UVG67878.1),#7B3E1B,40.6084,-8.74803,Intertidal / coastal seawater★,1
Laccase (UVG67878.1),#7B3E1B,42.9017,-71.3385,Intertidal / coastal seawater★,1
Laccase (UVG67878.1),#7B3E1B,43.282,-49.121,Marine host-associated⬡,2
Laccase (UVG67878.1),#7B3E1B,43.29,8.1,Surface seawater●,1
Laccase (UVG67878.1),#7B3E1B,43.5,135.5,Polar sea ice / cryosphere◆,2
Laccase (UVG67878.1),#7B3E1B,43.5,135.5,Surface seawater●,4
Laccase (UVG67878.1),#7B3E1B,45.3143,12.5083,Surface seawater●,2
Laccase (UVG67878.1),#7B3E1B,48.3937,-124.734,Marine host-associated⬡,1
Laccase (UVG67878.1),#7B3E1B,57.5949,9.9609,Marine host-associated⬡,1
Laccase (UVG67878.1),#7B3E1B,62.6376,17.9395,Marine host-associated⬡,1
Laccase (UVG67878.1),#7B3E1B,71.3,-157.0,Polar sea ice / cryosphere◆,1
Laccase (UVG67878.1),#7B3E1B,78.92,11.95,Surface seawater●,3
Laccase (UVG67878.1),#7B3E1B,79.0354,11.2836,Marine sediment■,2
Laccase (UVG67878.1),#7B3E1B,79.7913,1.7609,Polar sea ice / cryosphere◆,1
Laccase (UVG67878.1),#7B3E1B,79.8,1.76,Surface seawater●,2
Laccase (UVG67878.1),#7B3E1B,81.47,-164.94,Deep-sea / chemosynthetic sediment⬟,1
MCL PHA depolymerase (AAQ72538.1),#F079BA,-67.34,-68.08,Marine host-associated⬡,1
MCL PHA depolymerase (AAQ72538.1),#F079BA,-62.21,-58.94,Intertidal sediment / beach sand▲,1
MCL PHA depolymerase (AAQ72538.1),#F079BA,-27.329583,153.087083,Intertidal / coastal seawater★,1
MCL PHA depolymerase (AAQ72538.1),#F079BA,22.3897778,39.1355556,Marine sediment■,1
MCL PHA depolymerase (AAQ72538.1),#F079BA,24.55,-81.78,Surface seawater●,1
PETase (UUT36763.1),#FF0808,-22.74,-41.88,Marine host-associated⬡,1
PETase (UUT36763.1),#FF0808,-21.52,-39.49,Deep seawater▼,2
PETase (UUT36763.1),#FF0808,-16.542142,89.289884,Deep-sea / chemosynthetic sediment⬟,1
PETase (UUT36763.1),#FF0808,16.22,108.22,Marine host-associated⬡,1
PETase (UUT36763.1),#FF0808,18.0,116.0,Deep seawater▼,3
PETase (UUT36763.1),#FF0808,18.0,116.0,Deep-sea / chemosynthetic sediment⬟,2
PETase (UUT36763.1),#FF0808,19.31,109.34,Marine host-associated⬡,2
PETase (UUT36763.1),#FF0808,19.909,115.243,Deep seawater▼,2
PETase (UUT36763.1),#FF0808,27.01,-111.41,Deep-sea / chemosynthetic sediment⬟,1
PETase (UUT36763.1),#FF0808,29.928,122.422,Intertidal sediment / beach sand▲,2
PETase (UUT36763.1),#FF0808,31.557,130.564,Plastisphere / marine biofilm✕,3
PETase (UUT36763.1),#FF0808,34.365,133.217,Plastisphere / marine biofilm✕,9
PETase (UUT36763.1),#FF0808,35.1955708,139.6673981,Surface seawater●,1
PETase (UUT36763.1),#FF0808,38.333446,-123.058785,Marine host-associated⬡,1
PETase (UUT36763.1),#FF0808,85.09,95.85,Deep-sea / chemosynthetic sediment⬟,1
PETase (UUT36763.1),#FF0808,87.4122,93.2151,Polar sea ice / cryosphere◆,1
PETase (UUT36764.1),#E69F00,-62.22,-58.91,Deep-sea / chemosynthetic sediment⬟,2
PETase (UUT36764.1),#E69F00,-62.22,-58.91,Intertidal / coastal seawater★,1
PETase (UUT36764.1),#E69F00,-27.329583,153.087083,Intertidal / coastal seawater★,1
PETase (UUT36764.1),#E69F00,-22.74,-41.88,Marine host-associated⬡,1
PETase (UUT36764.1),#E69F00,-21.52,-39.49,Deep seawater▼,2
PETase (UUT36764.1),#E69F00,-16.542142,89.289884,Deep-sea / chemosynthetic sediment⬟,1
PETase (UUT36764.1),#E69F00,16.22,108.22,Surface seawater●,1
PETase (UUT36764.1),#E69F00,18.0,116.0,Deep seawater▼,3
PETase (UUT36764.1),#E69F00,18.0,116.0,Deep-sea / chemosynthetic sediment⬟,2
PETase (UUT36764.1),#E69F00,19.31,109.34,Marine host-associated⬡,2
PETase (UUT36764.1),#E69F00,19.909,115.243,Deep seawater▼,2
PETase (UUT36764.1),#E69F00,23.7,121.0,Marine host-associated⬡,1
PETase (UUT36764.1),#E69F00,25.83,-95.5,Deep seawater▼,1
PETase (UUT36764.1),#E69F00,27.01,-111.41,Deep-sea / chemosynthetic sediment⬟,1
PETase (UUT36764.1),#E69F00,29.928,122.422,Intertidal sediment / beach sand▲,2
PETase (UUT36764.1),#E69F00,31.557,130.564,Plastisphere / marine biofilm✕,4
PETase (UUT36764.1),#E69F00,34.365,133.217,Plastisphere / marine biofilm✕,10
PETase (UUT36764.1),#E69F00,35.1955708,139.6673981,Surface seawater●,1
PETase (UUT36764.1),#E69F00,35.31,139.64,Plastisphere / marine biofilm✕,1
PETase (UUT36764.1),#E69F00,36.04,120.26,Plastisphere / marine biofilm✕,2
PETase (UUT36764.1),#E69F00,37.25,122.58,Marine host-associated⬡,1
PETase (UUT36764.1),#E69F00,38.333446,-123.058785,Marine host-associated⬡,1
PETase (UUT36764.1),#E69F00,41.4,2.48,Intertidal / coastal seawater★,1
PETase (UUT36764.1),#E69F00,42.774797,-9.124189,Deep-sea / chemosynthetic sediment⬟,1
PETase (UUT36764.1),#E69F00,69.03,-105.33,Deep-sea / chemosynthetic sediment⬟,2
PETase (UUT36764.1),#E69F00,69.03,-105.33,Intertidal / coastal seawater★,1
PETase (UUT36764.1),#E69F00,69.03,57.36,Deep-sea / chemosynthetic sediment⬟,2
PETase (UUT36764.1),#E69F00,69.03,57.37,Deep-sea / chemosynthetic sediment⬟,1
PETase (UUT36764.1),#E69F00,69.03,57.37,Intertidal / coastal seawater★,1
PETase (UUT36764.1),#E69F00,69.03,57.37,Marine sediment■,2
PETase (UUT36764.1),#E69F00,73.763167,8.464,Deep-sea / chemosynthetic sediment⬟,2
PETase (UUT36764.1),#E69F00,78.2,42.1,Marine sediment■,3
PETase (UUT36764.1),#E69F00,78.39,42.11,Intertidal / coastal seawater★,2
PETase (UUT36764.1),#E69F00,78.39,42.11,Marine sediment■,2
PETase (UUT36764.1),#E69F00,85.09,95.85,Deep-sea / chemosynthetic sediment⬟,1
PETase (UUT36764.1),#E69F00,87.3239,107.4423,Polar sea ice / cryosphere◆,1
PETase (UUT36764.1),#E69F00,87.4122,93.2151,Polar sea ice / cryosphere◆,1
